/*USERS*/
insert into Users
    (userId, type, userName, userPassword, lastName, firstName, phoneNumber, registrationDate, email, active)
values
    (1, 3, 'pgabbidon0', '76JqlNkafAqs', 'Gabbidon', 'Paul', 57309559, '2020-02-16 00:35:48', 'pgabbidon0@netlog.com', true);
insert into Users
    (userId, type, userName, userPassword, lastName, firstName, phoneNumber, registrationDate, email, active)
values
    (2, 1, 'tdevonshire1', 'Vdyjj8n', 'Devonshire', 'Tam', 45439046, '2020-03-17 14:37:58', 'tdevonshire1@whitehouse.gov', true);
insert into Users
    (userId, type, userName, userPassword, lastName, firstName, phoneNumber, registrationDate, email, active)
values
    (3, 2, 'bgregorace2', 'bAKHzeZnh', 'Gregorace', 'Bondon', 25304954, '2020-04-29 07:57:09', 'bgregorace2@sciencedirect.com', true);
insert into Users
    (userId, type, userName, userPassword, lastName, firstName, phoneNumber, registrationDate, email, active)
values
    (4, 1, 'dblackey3', '3TYivXuprd', 'Blackey', 'Darren', 40129188, '2020-04-26 06:28:07', 'dblackey3@eepurl.com', true);
insert into Users
    (userId, type, userName, userPassword, lastName, firstName, phoneNumber, registrationDate, email, active)
values
    (5, 2, 'rgrigoire4', 'CK7lOB91', 'Grigoire', 'Robina', 30803296, '2020-02-09 16:57:30', 'rgrigoire4@google.ca', true);
insert into Users
    (userId, type, userName, userPassword, lastName, firstName, phoneNumber, registrationDate, email, active)
values
    (6, 4, 'gsheach5', 'jb7KARhlIY', 'Sheach', 'Giulio', 72571463, '2020-04-09 19:07:57', 'gsheach5@mlb.com', true);
insert into Users
    (userId, type, userName, userPassword, lastName, firstName, phoneNumber, registrationDate, email, active)
values
    (7, 3, 'skinig6', 'ySCnfhRrGZB', 'Kinig', 'Shawn', 96385396, '2020-02-13 12:36:57', 'skinig6@naver.com', true);
insert into Users
    (userId, type, userName, userPassword, lastName, firstName, phoneNumber, registrationDate, email, active)
values
    (8, 4, 'mbirdis7', 'Uj7bOxYsDf', 'Birdis', 'Massimo', 32021031, '2020-03-27 11:54:55', 'mbirdis7@livejournal.com', true);
insert into Users
    (userId, type, userName, userPassword, lastName, firstName, phoneNumber, registrationDate, email, active)
values
    (9, 2, 'ahembling8', 'qc6JA7Y9csrp', 'Hembling', 'Ancell', 15786929, '2020-04-23 14:39:32', 'ahembling8@ed.gov', true);
insert into Users
    (userId, type, userName, userPassword, lastName, firstName, phoneNumber, registrationDate, email, active)
values
    (10, 4, 'cpiwell9', 'dqnRGyQee4f', 'Piwell', 'Corene', 83551945, '2020-02-14 12:44:41', 'cpiwell9@about.com', true);
insert into Users
    (userId, type, userName, userPassword, lastName, firstName, phoneNumber, registrationDate, email, active)
values
    (11, 3, 'pmckanea', 'fQC5l1LKuY', 'McKane', 'Petunia', 73206648, '2020-04-12 18:26:53', 'pmckanea@meetup.com', true);
insert into Users
    (userId, type, userName, userPassword, lastName, firstName, phoneNumber, registrationDate, email, active)
values
    (12, 3, 'cmillinsb', 'cvCiaJEjBzYG', 'Millins', 'Cassie', 71894480, '2020-03-09 23:46:43', 'cmillinsb@washingtonpost.com', true);
insert into Users
    (userId, type, userName, userPassword, lastName, firstName, phoneNumber, registrationDate, email, active)
values
    (13, 2, 'nczaplac', 'JEGPP9sx', 'Czapla', 'Nert', 69290264, '2020-04-02 21:45:28', 'nczaplac@storify.com', true);
insert into Users
    (userId, type, userName, userPassword, lastName, firstName, phoneNumber, registrationDate, email, active)
values
    (14, 1, 'hbenchd', 'ch7xA6', 'Bench', 'Henryetta', 58105163, '2020-04-12 00:54:58', 'hbenchd@webmd.com', true);
insert into Users
    (userId, type, userName, userPassword, lastName, firstName, phoneNumber, registrationDate, email, active)
values
    (15, 1, 'rharmse', '6vPfzPSrL', 'Harms', 'Row', 42894639, '2020-03-22 01:00:48', 'rharmse@usatoday.com', true);
insert into Users
    (userId, type, userName, userPassword, lastName, firstName, phoneNumber, registrationDate, email, active)
values
    (16, 3, 'tbredef', 'V4IRsMJvqmg2', 'Brede', 'Tabbie', 26501740, '2020-04-15 03:48:34', 'tbredef@gizmodo.com', true);
insert into Users
    (userId, type, userName, userPassword, lastName, firstName, phoneNumber, registrationDate, email, active)
values
    (17, 2, 'jdarcyg', 'hx0h8b', 'Darcy', 'Jewell', 53417431, '2020-03-16 21:52:59', 'jdarcyg@wunderground.com', true);
insert into Users
    (userId, type, userName, userPassword, lastName, firstName, phoneNumber, registrationDate, email, active)
values
    (18, 1, 'fkhalidh', 'yBoPuM', 'Khalid', 'Fanni', 98435620, '2020-02-03 00:33:21', 'fkhalidh@ihg.com', true);
insert into Users
    (userId, type, userName, userPassword, lastName, firstName, phoneNumber, registrationDate, email, active)
values
    (19, 4, 'bmcarthuri', 'lojlfS42yN', 'McArthur', 'Berkie', 37358148, '2020-04-25 22:24:22', 'bmcarthuri@techcrunch.com', true);
insert into Users
    (userId, type, userName, userPassword, lastName, firstName, phoneNumber, registrationDate, email, active)
values
    (20, 2, 'lhendrickxj', 'VeDzNSO', 'Hendrickx', 'Leicester', 57296171, '2020-02-19 15:25:18', 'lhendrickxj@symantec.com', true);
insert into Users
    (userId, type, userName, userPassword, lastName, firstName, phoneNumber, registrationDate, email, active)
values
    (21, 1, 'lskallyk', 'QlW9LBSWOscc', 'Skally', 'Lelah', 60504075, '2020-04-19 08:54:07', 'lskallyk@dailymotion.com', true);
insert into Users
    (userId, type, userName, userPassword, lastName, firstName, phoneNumber, registrationDate, email, active)
values
    (22, 4, 'dchorleyl', 'FE2WsWwBRf6b', 'Chorley', 'Derward', 10054727, '2020-03-18 19:18:45', 'dchorleyl@symantec.com', true);
insert into Users
    (userId, type, userName, userPassword, lastName, firstName, phoneNumber, registrationDate, email, active)
values
    (23, 4, 'ugoodlettm', '0N6NFTOn0u', 'Goodlett', 'Ulla', 81900171, '2020-05-01 03:02:43', 'ugoodlettm@cnbc.com', true);
insert into Users
    (userId, type, userName, userPassword, lastName, firstName, phoneNumber, registrationDate, email, active)
values
    (24, 3, 'mgyorffyn', 'FAv1lYU', 'Gyorffy', 'Milicent', 48427173, '2020-02-18 05:38:32', 'mgyorffyn@facebook.com', true);
insert into Users
    (userId, type, userName, userPassword, lastName, firstName, phoneNumber, registrationDate, email, active)
values
    (25, 2, 'shimswortho', 'xEWM5r', 'Himsworth', 'Stephie', 82004890, '2020-03-27 09:41:44', 'shimswortho@sohu.com', true);
insert into Users
    (userId, type, userName, userPassword, lastName, firstName, phoneNumber, registrationDate, email, active)
values
    (26, 2, 'tstrelitzerp', 'kEp3YEx0zU', 'Strelitzer', 'Theresina', 13097741, '2020-03-25 13:24:07', 'tstrelitzerp@newyorker.com', true);
insert into Users
    (userId, type, userName, userPassword, lastName, firstName, phoneNumber, registrationDate, email, active)
values
    (27, 3, 'cspiersq', 'GySxxge', 'Spiers', 'Cam', 51637811, '2020-03-05 06:39:01', 'cspiersq@va.gov', true);
insert into Users
    (userId, type, userName, userPassword, lastName, firstName, phoneNumber, registrationDate, email, active)
values
    (28, 1, 'mledwitchr', '2MtKftuGLQzB', 'Ledwitch', 'Mil', 14801094, '2020-02-07 10:49:23', 'mledwitchr@drupal.org', true);
insert into Users
    (userId, type, userName, userPassword, lastName, firstName, phoneNumber, registrationDate, email, active)
values
    (29, 3, 'mstollsteiners', 'VSP7oAIyJQ', 'Stollsteiner', 'Masha', 86559259, '2020-04-25 19:32:14', 'mstollsteiners@google.it', true);
insert into Users
    (userId, type, userName, userPassword, lastName, firstName, phoneNumber, registrationDate, email, active)
values
    (30, 3, 'kgwynetht', 'I3iJHD45wYY', 'Gwyneth', 'Kinny', 71674310, '2020-03-13 15:28:44', 'kgwynetht@facebook.com', true);
insert into Users
    (userId, type, userName, userPassword, lastName, firstName, phoneNumber, registrationDate, email, active)
values
    (31, 2, 'clarrosau', '6BT3PQh001', 'Larrosa', 'Chrotoem', 31329886, '2020-05-02 03:13:00', 'clarrosau@craigslist.org', true);
insert into Users
    (userId, type, userName, userPassword, lastName, firstName, phoneNumber, registrationDate, email, active)
values
    (32, 4, 'mtauntonv', 'gS4TVrPJ', 'Taunton.', 'Maryjane', 19207806, '2020-04-02 22:24:36', 'mtauntonv@nature.com', true);
insert into Users
    (userId, type, userName, userPassword, lastName, firstName, phoneNumber, registrationDate, email, active)
values
    (33, 3, 'nleyesw', 'd02mZ46mp61W', 'Leyes', 'Nadean', 15619752, '2020-02-12 17:00:50', 'nleyesw@businesswire.com', true);
insert into Users
    (userId, type, userName, userPassword, lastName, firstName, phoneNumber, registrationDate, email, active)
values
    (34, 3, 'adimeox', 'WsqPkGg1i', 'Di Meo', 'Ailina', 75848593, '2020-02-23 07:58:03', 'adimeox@stumbleupon.com', true);
insert into Users
    (userId, type, userName, userPassword, lastName, firstName, phoneNumber, registrationDate, email, active)
values
    (35, 2, 'hivanusyevy', 'KN4djKJqHdI', 'Ivanusyev', 'Harper', 89963764, '2020-04-06 19:17:09', 'hivanusyevy@abc.net.au', true);
insert into Users
    (userId, type, userName, userPassword, lastName, firstName, phoneNumber, registrationDate, email, active)
values
    (36, 2, 'fwindusz', 'WP2mJvn8QWx', 'Windus', 'Fransisco', 57040449, '2020-03-15 03:29:52', 'fwindusz@wikipedia.org', true);
insert into Users
    (userId, type, userName, userPassword, lastName, firstName, phoneNumber, registrationDate, email, active)
values
    (37, 3, 'bdyte10', 'aAtG8oHgdrMN', 'Dyte', 'Bryce', 81529413, '2020-03-27 07:36:48', 'bdyte10@moonfruit.com', true);
insert into Users
    (userId, type, userName, userPassword, lastName, firstName, phoneNumber, registrationDate, email, active)
values
    (38, 3, 'nmcdonough11', 'uuFh48my', 'McDonough', 'Nickolas', 79702923, '2020-02-06 05:44:21', 'nmcdonough11@narod.ru', true);
insert into Users
    (userId, type, userName, userPassword, lastName, firstName, phoneNumber, registrationDate, email, active)
values
    (39, 2, 'efoxen12', '8HTnU3er', 'Foxen', 'Emyle', 71423937, '2020-04-28 21:34:40', 'efoxen12@unicef.org', true);
insert into Users
    (userId, type, userName, userPassword, lastName, firstName, phoneNumber, registrationDate, email, active)
values
    (40, 3, 'nkisbey13', '2ugZ8gsj', 'Kisbey', 'Norman', 70376461, '2020-02-06 11:20:15', 'nkisbey13@omniture.com', true);
insert into Users
    (userId, type, userName, userPassword, lastName, firstName, phoneNumber, registrationDate, email, active)
values
    (41, 4, 'hzellick14', 'sv2Ub3q0sS2', 'Zellick', 'Harley', 25773441, '2020-02-26 01:23:52', 'hzellick14@tripadvisor.com', true);
insert into Users
    (userId, type, userName, userPassword, lastName, firstName, phoneNumber, registrationDate, email, active)
values
    (42, 2, 'dcallacher15', 'eV7tF2eRVz6C', 'Callacher', 'Dylan', 78975690, '2020-04-28 02:07:54', 'dcallacher15@baidu.com', true);
insert into Users
    (userId, type, userName, userPassword, lastName, firstName, phoneNumber, registrationDate, email, active)
values
    (43, 1, 'epischoff16', 'jlsyA9Pz', 'Pischoff', 'Ernestine', 76711000, '2020-04-23 02:14:56', 'epischoff16@google.es', true);
insert into Users
    (userId, type, userName, userPassword, lastName, firstName, phoneNumber, registrationDate, email, active)
values
    (44, 2, 'alohden17', 'atnzosGhd7R', 'Lohden', 'Alfredo', 81001116, '2020-03-05 18:59:02', 'alohden17@google.ca', true);
insert into Users
    (userId, type, userName, userPassword, lastName, firstName, phoneNumber, registrationDate, email, active)
values
    (45, 4, 'sbullivant18', 'qO8euKlixzQ', 'Bullivant', 'Susanetta', 57086696, '2020-02-16 20:13:56', 'sbullivant18@dyndns.org', true);
insert into Users
    (userId, type, userName, userPassword, lastName, firstName, phoneNumber, registrationDate, email, active)
values
    (46, 4, 'schristene19', 'PYpeRq', 'Christene', 'Shani', 91436863, '2020-02-10 09:29:03', 'schristene19@dyndns.org', true);
insert into Users
    (userId, type, userName, userPassword, lastName, firstName, phoneNumber, registrationDate, email, active)
values
    (47, 2, 'tdestoop1a', 'jL4wxFzR8', 'De Stoop', 'Trevar', 68270214, '2020-03-29 14:52:03', 'tdestoop1a@woothemes.com', true);
insert into Users
    (userId, type, userName, userPassword, lastName, firstName, phoneNumber, registrationDate, email, active)
values
    (48, 1, 'cbeggi1b', 'OiRoHmJN', 'Beggi', 'Chastity', 70356498, '2020-04-30 15:55:35', 'cbeggi1b@parallels.com', true);
insert into Users
    (userId, type, userName, userPassword, lastName, firstName, phoneNumber, registrationDate, email, active)
values
    (49, 1, 'wwellbeloved1c', 'wIBeuvR9uwr0', 'Wellbeloved', 'Willie', 47077651, '2020-02-22 16:51:19', 'wwellbeloved1c@redcross.org', true);
insert into Users
    (userId, type, userName, userPassword, lastName, firstName, phoneNumber, registrationDate, email, active)
values
    (50, 1, 'scree1d', 'aRIhxJbcdZh', 'Cree', 'Shaun', 53916120, '2020-04-24 04:53:18', 'scree1d@comsenz.com', true);
insert into Users
    (userId, type, userName, userPassword, lastName, firstName, phoneNumber, registrationDate, email, active)
values
    (51, 3, 'jchevin1e', 'g0qpAsxq3', 'Chevin', 'Jayson', 15925707, '2020-02-15 10:27:24', 'jchevin1e@marriott.com', true);
insert into Users
    (userId, type, userName, userPassword, lastName, firstName, phoneNumber, registrationDate, email, active)
values
    (52, 3, 'eollive1f', 'qCdaVk', 'Ollive', 'Elysee', 94146241, '2020-03-14 18:09:12', 'eollive1f@hibu.com', true);
insert into Users
    (userId, type, userName, userPassword, lastName, firstName, phoneNumber, registrationDate, email, active)
values
    (53, 2, 'autridge1g', 'RjlzPQ83u', 'Utridge', 'Aggi', 15733132, '2020-03-02 13:52:50', 'autridge1g@e-recht24.de', true);
insert into Users
    (userId, type, userName, userPassword, lastName, firstName, phoneNumber, registrationDate, email, active)
values
    (54, 1, 'tcranston1h', 'HLCho5qAyiY', 'Cranston', 'Tamarah', 71154371, '2020-03-17 15:37:42', 'tcranston1h@merriam-webster.com', true);
insert into Users
    (userId, type, userName, userPassword, lastName, firstName, phoneNumber, registrationDate, email, active)
values
    (55, 1, 'grozanski1i', 'ftLxCUZC3N', 'Rozanski', 'Garrick', 27573765, '2020-02-09 22:27:07', 'grozanski1i@google.com', true);
insert into Users
    (userId, type, userName, userPassword, lastName, firstName, phoneNumber, registrationDate, email, active)
values
    (56, 1, 'narmer1j', 'buAG4yhRJO', 'Armer', 'Nerte', 12124315, '2020-03-04 02:01:06', 'narmer1j@weather.com', true);
insert into Users
    (userId, type, userName, userPassword, lastName, firstName, phoneNumber, registrationDate, email, active)
values
    (57, 3, 'echable1k', 'iu6R3W', 'Chable', 'Esmaria', 33229622, '2020-05-01 12:37:32', 'echable1k@wordpress.com', true);
insert into Users
    (userId, type, userName, userPassword, lastName, firstName, phoneNumber, registrationDate, email, active)
values
    (58, 4, 'wcassidy1l', 'OhIAqvNqI', 'Cassidy', 'Wit', 35151618, '2020-03-30 21:01:09', 'wcassidy1l@msn.com', true);
insert into Users
    (userId, type, userName, userPassword, lastName, firstName, phoneNumber, registrationDate, email, active)
values
    (59, 3, 'bmargaritelli1m', 'CZIUUGA5IhJM', 'Margaritelli', 'Brendin', 39751559, '2020-02-06 12:29:26', 'bmargaritelli1m@wordpress.org', true);
insert into Users
    (userId, type, userName, userPassword, lastName, firstName, phoneNumber, registrationDate, email, active)
values
    (60, 3, 'achataignier1n', 'pacIHpgNfk', 'Chataignier', 'Alla', 23623458, '2020-02-02 16:39:13', 'achataignier1n@w3.org', true);
insert into Users
    (userId, type, userName, userPassword, lastName, firstName, phoneNumber, registrationDate, email, active)
values
    (61, 1, 'wroddam1o', 'WJUqDDuwr0HG', 'Roddam', 'Wadsworth', 80862304, '2020-03-28 16:07:32', 'wroddam1o@flavors.me', true);
insert into Users
    (userId, type, userName, userPassword, lastName, firstName, phoneNumber, registrationDate, email, active)
values
    (62, 1, 'gconring1p', 'GRFH9Qu', 'Conring', 'Gaylene', 85486445, '2020-03-30 09:54:44', 'gconring1p@slideshare.net', true);
insert into Users
    (userId, type, userName, userPassword, lastName, firstName, phoneNumber, registrationDate, email, active)
values
    (63, 3, 'reuesden1q', 'gh0mZRCRohEn', 'Euesden', 'Rene', 61318425, '2020-04-26 08:35:05', 'reuesden1q@altervista.org', true);
insert into Users
    (userId, type, userName, userPassword, lastName, firstName, phoneNumber, registrationDate, email, active)
values
    (64, 1, 'bsummerside1r', 'IFMcbKh7b', 'Summerside', 'Beryle', 74875224, '2020-02-02 23:59:17', 'bsummerside1r@census.gov', true);
insert into Users
    (userId, type, userName, userPassword, lastName, firstName, phoneNumber, registrationDate, email, active)
values
    (65, 1, 'aferencz1s', 'W63Lzj', 'Ferencz', 'Alphard', 88515676, '2020-03-29 07:03:32', 'aferencz1s@csmonitor.com', true);
insert into Users
    (userId, type, userName, userPassword, lastName, firstName, phoneNumber, registrationDate, email, active)
values
    (66, 4, 'voheaney1t', 'HoHomFK7NeM', 'O''Heaney', 'Vito', 59807341, '2020-02-29 16:12:40', 'voheaney1t@msu.edu', true);
insert into Users
    (userId, type, userName, userPassword, lastName, firstName, phoneNumber, registrationDate, email, active)
values
    (67, 2, 'tmacdiarmid1u', 'eNLqG2', 'MacDiarmid', 'Tamera', 21442480, '2020-03-15 22:07:29', 'tmacdiarmid1u@t.co', true);
insert into Users
    (userId, type, userName, userPassword, lastName, firstName, phoneNumber, registrationDate, email, active)
values
    (68, 1, 'kbeelby1v', 'ZbOxb09LbZCF', 'Beelby', 'Kym', 30490379, '2020-02-23 12:55:00', 'kbeelby1v@cafepress.com', true);
insert into Users
    (userId, type, userName, userPassword, lastName, firstName, phoneNumber, registrationDate, email, active)
values
    (69, 2, 'abridgnell1w', 'EOAHrjaxo', 'Bridgnell', 'Ashlie', 16227394, '2020-04-12 04:30:46', 'abridgnell1w@ow.ly', true);
insert into Users
    (userId, type, userName, userPassword, lastName, firstName, phoneNumber, registrationDate, email, active)
values
    (70, 1, 'kcordelle1x', 'yXBICZ', 'Cordelle', 'Kimmy', 33837424, '2020-03-16 13:39:10', 'kcordelle1x@1und1.de', true);
insert into Users
    (userId, type, userName, userPassword, lastName, firstName, phoneNumber, registrationDate, email, active)
values
    (71, 2, 'idenyer1y', 'zRef2QuxH4p', 'Denyer', 'Isidoro', 41010417, '2020-04-22 08:44:30', 'idenyer1y@youku.com', true);
insert into Users
    (userId, type, userName, userPassword, lastName, firstName, phoneNumber, registrationDate, email, active)
values
    (72, 4, 'cboyet1z', 'xnALeEMhHC', 'Boyet', 'Correy', 34124090, '2020-03-30 02:07:12', 'cboyet1z@hostgator.com', true);
insert into Users
    (userId, type, userName, userPassword, lastName, firstName, phoneNumber, registrationDate, email, active)
values
    (73, 4, 'rbaird20', 'YS1t9Bl', 'Baird', 'Rodolfo', 64046211, '2020-02-05 15:24:47', 'rbaird20@oaic.gov.au', true);
insert into Users
    (userId, type, userName, userPassword, lastName, firstName, phoneNumber, registrationDate, email, active)
values
    (74, 1, 'pwollen21', 'nO320unvZ', 'Wollen', 'Paquito', 82310034, '2020-03-03 07:17:31', 'pwollen21@example.com', true);
insert into Users
    (userId, type, userName, userPassword, lastName, firstName, phoneNumber, registrationDate, email, active)
values
    (75, 1, 'asantos22', '1QDKYT', 'Santos', 'Austin', 25147501, '2020-04-18 19:40:48', 'asantos22@devhub.com', true);
insert into Users
    (userId, type, userName, userPassword, lastName, firstName, phoneNumber, registrationDate, email, active)
values
    (76, 3, 'sebunoluwa23', 'OcplnD05', 'Ebunoluwa', 'Sebastien', 45555341, '2020-02-17 07:22:03', 'sebunoluwa23@cnn.com', true);
insert into Users
    (userId, type, userName, userPassword, lastName, firstName, phoneNumber, registrationDate, email, active)
values
    (77, 3, 'cpurcer24', 'peYGxEkx7', 'Purcer', 'Cinda', 31313033, '2020-05-05 02:47:03', 'cpurcer24@t-online.de', true);
insert into Users
    (userId, type, userName, userPassword, lastName, firstName, phoneNumber, registrationDate, email, active)
values
    (78, 4, 'mconnop25', 'mCjWlyEUc', 'Connop', 'Mureil', 71482273, '2020-03-24 00:01:42', 'mconnop25@netscape.com', true);
insert into Users
    (userId, type, userName, userPassword, lastName, firstName, phoneNumber, registrationDate, email, active)
values
    (79, 2, 'rarnow26', 'IPvlS0I5', 'Arnow', 'Rik', 92031946, '2020-02-17 13:12:02', 'rarnow26@globo.com', true);
insert into Users
    (userId, type, userName, userPassword, lastName, firstName, phoneNumber, registrationDate, email, active)
values
    (80, 3, 'fdrowsfield27', 'Oe6c9VqtSIn', 'Drowsfield', 'Ferne', 14225146, '2020-02-13 04:40:30', 'fdrowsfield27@goo.gl', true);
insert into Users
    (userId, type, userName, userPassword, lastName, firstName, phoneNumber, registrationDate, email, active)
values
    (81, 4, 'fdecruz28', '8DZesu', 'De Cruz', 'Fenelia', 75602485, '2020-03-09 10:42:00', 'fdecruz28@printfriendly.com', true);
insert into Users
    (userId, type, userName, userPassword, lastName, firstName, phoneNumber, registrationDate, email, active)
values
    (82, 1, 'kvasyukov29', 'Htuc3FfQ', 'Vasyukov', 'Kingsley', 94471679, '2020-04-28 23:24:55', 'kvasyukov29@nbcnews.com', true);
insert into Users
    (userId, type, userName, userPassword, lastName, firstName, phoneNumber, registrationDate, email, active)
values
    (83, 3, 'crevance2a', 'il8IhWmMf', 'Revance', 'Cleopatra', 61582489, '2020-03-28 02:22:41', 'crevance2a@prweb.com', true);
insert into Users
    (userId, type, userName, userPassword, lastName, firstName, phoneNumber, registrationDate, email, active)
values
    (84, 4, 'mmoreman2b', 'cCKAThZJtqM9', 'Moreman', 'Minny', 20068446, '2020-04-03 04:59:39', 'mmoreman2b@delicious.com', true);
insert into Users
    (userId, type, userName, userPassword, lastName, firstName, phoneNumber, registrationDate, email, active)
values
    (85, 4, 'tdunniom2c', 'tQ50nq84W4l', 'Dunniom', 'Tamiko', 61610659, '2020-02-08 00:17:56', 'tdunniom2c@indiegogo.com', true);
insert into Users
    (userId, type, userName, userPassword, lastName, firstName, phoneNumber, registrationDate, email, active)
values
    (86, 4, 'rkellaway2d', 'LBULBG0O65y', 'Kellaway', 'Renaud', 28883373, '2020-03-20 17:06:55', 'rkellaway2d@indiatimes.com', true);
insert into Users
    (userId, type, userName, userPassword, lastName, firstName, phoneNumber, registrationDate, email, active)
values
    (87, 2, 'gjori2e', 'oMvFphjUXV', 'Jori', 'Gibby', 41252699, '2020-04-23 23:13:45', 'gjori2e@vistaprint.com', true);
insert into Users
    (userId, type, userName, userPassword, lastName, firstName, phoneNumber, registrationDate, email, active)
values
    (88, 3, 'aphilipsson2f', 'sEbepeuStLv', 'Philipsson', 'Andros', 82912971, '2020-04-01 05:26:25', 'aphilipsson2f@go.com', true);
insert into Users
    (userId, type, userName, userPassword, lastName, firstName, phoneNumber, registrationDate, email, active)
values
    (89, 3, 'dcorneil2g', 'TqKWiu54sw', 'Corneil', 'Darrelle', 22583980, '2020-02-14 16:12:08', 'dcorneil2g@liveinternet.ru', true);
insert into Users
    (userId, type, userName, userPassword, lastName, firstName, phoneNumber, registrationDate, email, active)
values
    (90, 2, 'wmounch2h', 'wjQYR1dYRP', 'Mounch', 'Weider', 87410569, '2020-02-25 05:10:03', 'wmounch2h@yale.edu', true);
insert into Users
    (userId, type, userName, userPassword, lastName, firstName, phoneNumber, registrationDate, email, active)
values
    (91, 2, 'iheys2i', '9BuF7f76', 'Heys', 'Isadore', 11306467, '2020-04-16 18:23:36', 'iheys2i@thetimes.co.uk', true);
insert into Users
    (userId, type, userName, userPassword, lastName, firstName, phoneNumber, registrationDate, email, active)
values
    (92, 1, 'hlermouth2j', '5dsUjKYAAuF', 'Lermouth', 'Helaina', 18684917, '2020-04-24 06:21:12', 'hlermouth2j@livejournal.com', true);
insert into Users
    (userId, type, userName, userPassword, lastName, firstName, phoneNumber, registrationDate, email, active)
values
    (93, 1, 'cgrimme2k', 'H3JyiC3QMh', 'Grimme', 'Cher', 47479601, '2020-04-10 20:49:29', 'cgrimme2k@patch.com', true);
insert into Users
    (userId, type, userName, userPassword, lastName, firstName, phoneNumber, registrationDate, email, active)
values
    (94, 1, 'slembcke2l', '7OoOmMZLKSXs', 'Lembcke', 'Sebastiano', 14935673, '2020-03-05 21:39:31', 'slembcke2l@goo.ne.jp', true);
insert into Users
    (userId, type, userName, userPassword, lastName, firstName, phoneNumber, registrationDate, email, active)
values
    (95, 2, 'mchapple2m', 'h9A7bYQRXa', 'Chapple', 'Merrill', 16086369, '2020-03-20 10:51:23', 'mchapple2m@netscape.com', true);
insert into Users
    (userId, type, userName, userPassword, lastName, firstName, phoneNumber, registrationDate, email, active)
values
    (96, 4, 'miapico2n', 'YuSx21', 'Iapico', 'Mohandis', 72532509, '2020-02-28 21:59:21', 'miapico2n@devhub.com', true);
insert into Users
    (userId, type, userName, userPassword, lastName, firstName, phoneNumber, registrationDate, email, active)
values
    (97, 2, 'ssahnow2o', 'VdBzmg', 'Sahnow', 'Sibley', 55038066, '2020-02-14 15:19:44', 'ssahnow2o@unicef.org', true);
insert into Users
    (userId, type, userName, userPassword, lastName, firstName, phoneNumber, registrationDate, email, active)
values
    (98, 4, 'fjambrozek2p', 'ybjALre', 'Jambrozek', 'Freedman', 73103659, '2020-04-04 06:36:13', 'fjambrozek2p@sfgate.com', true);
insert into Users
    (userId, type, userName, userPassword, lastName, firstName, phoneNumber, registrationDate, email, active)
values
    (99, 1, 'qairey2q', 'AEvO0v4NG', 'Airey', 'Quintina', 12685059, '2020-04-02 14:36:18', 'qairey2q@rakuten.co.jp', true);
insert into Users
    (userId, type, userName, userPassword, lastName, firstName, phoneNumber, registrationDate, email, active)
values
    (100, 3, 'dcoley2r', 'ItMRh5sRVM', 'Coley', 'Didi', 12131665, '2020-04-12 16:45:28', 'dcoley2r@amazon.com', true);


/*restaurants*/
insert into Restaurants (restaurantId, name, minOrderCost) values (1, 'Walker, Wehner and Koelpin', 3);
insert into Restaurants (restaurantId, name, minOrderCost) values (2, 'Ernser LLC', 4);
insert into Restaurants (restaurantId, name, minOrderCost) values (3, 'Jerde and Sons', 1);
insert into Restaurants (restaurantId, name, minOrderCost) values (4, 'Beatty and Sons', 9);
insert into Restaurants (restaurantId, name, minOrderCost) values (5, 'Bailey Group', 1);
insert into Restaurants (restaurantId, name, minOrderCost) values (6, 'Eichmann, Rogahn and Rutherford', 8);
insert into Restaurants (restaurantId, name, minOrderCost) values (7, 'Harber, Rolfson and Quigley', 3);
insert into Restaurants (restaurantId, name, minOrderCost) values (8, 'O''Hara, Leannon and Beatty', 1);
insert into Restaurants (restaurantId, name, minOrderCost) values (9, 'Fahey and Sons', 6);
insert into Restaurants (restaurantId, name, minOrderCost) values (10, 'Deckow and Sons', 9);
insert into Restaurants (restaurantId, name, minOrderCost) values (11, 'Gerhold, Walter and McLaughlin', 7);
insert into Restaurants (restaurantId, name, minOrderCost) values (12, 'Schroeder LLC', 5);
insert into Restaurants (restaurantId, name, minOrderCost) values (13, 'Bosco and Sons', 5);
insert into Restaurants (restaurantId, name, minOrderCost) values (14, 'Hansen-O''Keefe', 7);
insert into Restaurants (restaurantId, name, minOrderCost) values (15, 'Rodriguez LLC', 1);
insert into Restaurants (restaurantId, name, minOrderCost) values (16, 'Grady-Considine', 8);
insert into Restaurants (restaurantId, name, minOrderCost) values (17, 'Heaney-Yost', 7);
insert into Restaurants (restaurantId, name, minOrderCost) values (18, 'Fisher Group', 4);
insert into Restaurants (restaurantId, name, minOrderCost) values (19, 'Bashirian LLC', 7);
insert into Restaurants (restaurantId, name, minOrderCost) values (20, 'Stehr, Schumm and Bernier', 5);
insert into Restaurants (restaurantId, name, minOrderCost) values (21, 'Zulauf, Runte and Champlin', 1);
insert into Restaurants (restaurantId, name, minOrderCost) values (22, 'Turcotte, Krajcik and Spencer', 8);
insert into Restaurants (restaurantId, name, minOrderCost) values (23, 'Botsford, Champlin and Block', 3);
insert into Restaurants (restaurantId, name, minOrderCost) values (24, 'Mosciski and Sons', 3);
insert into Restaurants (restaurantId, name, minOrderCost) values (25, 'Emard, Koepp and Frami', 10);

/*RESTUARANTSTAFFS*/
INSERT INTO RestaurantStaffs(staffId,restaurantId) VALUES (1, 1);
INSERT INTO RestaurantStaffs(staffId,restaurantId) VALUES (7, 2);
INSERT INTO RestaurantStaffs(staffId,restaurantId) VALUES (11, 3);
INSERT INTO RestaurantStaffs(staffId,restaurantId) VALUES (12, 4);
INSERT INTO RestaurantStaffs(staffId,restaurantId) VALUES (16, 5);
INSERT INTO RestaurantStaffs(staffId,restaurantId) VALUES (24, 6);
INSERT INTO RestaurantStaffs(staffId,restaurantId) VALUES (29, 7);
INSERT INTO RestaurantStaffs(staffId,restaurantId) VALUES (30, 8);
INSERT INTO RestaurantStaffs(staffId,restaurantId) VALUES (33, 9);
INSERT INTO RestaurantStaffs(staffId,restaurantId) VALUES (34, 10);
INSERT INTO RestaurantStaffs(staffId,restaurantId) VALUES (37, 11);
INSERT INTO RestaurantStaffs(staffId,restaurantId) VALUES (38, 12);
INSERT INTO RestaurantStaffs(staffId,restaurantId) VALUES (40, 13);
INSERT INTO RestaurantStaffs(staffId,restaurantId) VALUES (51, 14);
INSERT INTO RestaurantStaffs(staffId,restaurantId) VALUES (52, 15);
INSERT INTO RestaurantStaffs(staffId,restaurantId) VALUES (57, 16);
INSERT INTO RestaurantStaffs(staffId,restaurantId) VALUES (59, 17);
INSERT INTO RestaurantStaffs(staffId,restaurantId) VALUES (60, 18);
INSERT INTO RestaurantStaffs(staffId,restaurantId) VALUES (63, 19);
INSERT INTO RestaurantStaffs(staffId,restaurantId) VALUES (76, 20);
INSERT INTO RestaurantStaffs(staffId,restaurantId) VALUES (77, 21);
INSERT INTO RestaurantStaffs(staffId,restaurantId) VALUES (80, 22);
INSERT INTO RestaurantStaffs(staffId,restaurantId) VALUES (83, 23);
INSERT INTO RestaurantStaffs(staffId,restaurantId) VALUES (88, 24);
INSERT INTO RestaurantStaffs(staffId,restaurantId) VALUES (89, 25);
INSERT INTO RestaurantStaffs(staffId,restaurantId) VALUES (100, 24);
INSERT INTO RestaurantStaffs(staffId,restaurantId) VALUES (27, 25);

/*CUSTOMERSDB*/
CREATE OR REPLACE FUNCTION create_customers_db()
RETURNS VOID
AS $$
    DECLARE
        cid RECORD;
    BEGIN
        FOR cId IN 
        SELECT *
        FROM USERS U 
        WHERE U.type = 1
        LOOP
            INSERT INTO Customers(customerId, lastLoginDate) VALUES (cId.userId, NOW() - (random() * interval '5 years') + (random() * interval '23 hours') + (random() * interval '59 minutes') + (random() * interval '59 seconds'));
        END LOOP;
    END;

$$ LANGUAGE plpgsql;

SELECT create_customers_db();

/*FDSMANAGERDB*/
CREATE OR REPLACE FUNCTION create_fdsmanagers_db()
RETURNS VOID
AS $$
    DECLARE
        mId RECORD;
    BEGIN
        FOR mId IN
        SELECT * FROM USERS U WHERE U.type = 4
        LOOP
            INSERT INTO FDSMANAGERS(managerId) VALUES (mId.userId);
        END LOOP;
    
    END;
$$ LANGUAGE plpgsql;

SELECT create_fdsmanagers_db();

/*RIDERSDB*/
CREATE OR REPLACE FUNCTION create_riders_db()
RETURNS VOID
AS $$
    DECLARE
        mId RECORD;
    BEGIN
        FOR mId IN
        SELECT * FROM USERS U WHERE U.type = 2
        LOOP
            INSERT INTO DeliveryRiders(riderId,type) VALUES (mId.userId, FLOOR(RANDOM() * (2-1+1) + 1)::int);
        END LOOP;
    
    END;
$$ LANGUAGE plpgsql;

SELECT create_riders_db();