/*USERS*/
insert into Users
    (userId, type, userName, userPassword, lastName, firstName, phoneNumber, registrationDate, email, active)
values
    (1, 3, 'pgabbidon0', '76JqlNkafAqs', 'Gabbidon', 'Paul', 57309559, '2020-02-16 00:35:48', 'pgabbidon0@netlog.com', true);
insert into Users
    (userId, type, userName, userPassword, lastName, firstName, phoneNumber, registrationDate, email, active)
values
    (2, 1, 'tdevonshire1', 'Vdyjj8n', 'Devonshire', 'Tam', 45439046, '2020-03-17 14:37:58', 'tdevonshire1@whitehouse.gov', true);
insert into Users
    (userId, type, userName, userPassword, lastName, firstName, phoneNumber, registrationDate, email, active)
values
    (3, 2, 'bgregorace2', 'bAKHzeZnh', 'Gregorace', 'Bondon', 25304954, '2020-04-29 07:57:09', 'bgregorace2@sciencedirect.com', true);
insert into Users
    (userId, type, userName, userPassword, lastName, firstName, phoneNumber, registrationDate, email, active)
values
    (4, 1, 'dblackey3', '3TYivXuprd', 'Blackey', 'Darren', 40129188, '2020-04-26 06:28:07', 'dblackey3@eepurl.com', true);
insert into Users
    (userId, type, userName, userPassword, lastName, firstName, phoneNumber, registrationDate, email, active)
values
    (5, 2, 'rgrigoire4', 'CK7lOB91', 'Grigoire', 'Robina', 30803296, '2020-02-09 16:57:30', 'rgrigoire4@google.ca', true);
insert into Users
    (userId, type, userName, userPassword, lastName, firstName, phoneNumber, registrationDate, email, active)
values
    (6, 4, 'gsheach5', 'jb7KARhlIY', 'Sheach', 'Giulio', 72571463, '2020-04-09 19:07:57', 'gsheach5@mlb.com', true);
insert into Users
    (userId, type, userName, userPassword, lastName, firstName, phoneNumber, registrationDate, email, active)
values
    (7, 3, 'skinig6', 'ySCnfhRrGZB', 'Kinig', 'Shawn', 96385396, '2020-02-13 12:36:57', 'skinig6@naver.com', true);
insert into Users
    (userId, type, userName, userPassword, lastName, firstName, phoneNumber, registrationDate, email, active)
values
    (8, 4, 'mbirdis7', 'Uj7bOxYsDf', 'Birdis', 'Massimo', 32021031, '2020-03-27 11:54:55', 'mbirdis7@livejournal.com', true);
insert into Users
    (userId, type, userName, userPassword, lastName, firstName, phoneNumber, registrationDate, email, active)
values
    (9, 2, 'ahembling8', 'qc6JA7Y9csrp', 'Hembling', 'Ancell', 15786929, '2020-04-23 14:39:32', 'ahembling8@ed.gov', true);
insert into Users
    (userId, type, userName, userPassword, lastName, firstName, phoneNumber, registrationDate, email, active)
values
    (10, 4, 'cpiwell9', 'dqnRGyQee4f', 'Piwell', 'Corene', 83551945, '2020-02-14 12:44:41', 'cpiwell9@about.com', true);
insert into Users
    (userId, type, userName, userPassword, lastName, firstName, phoneNumber, registrationDate, email, active)
values
    (11, 3, 'pmckanea', 'fQC5l1LKuY', 'McKane', 'Petunia', 73206648, '2020-04-12 18:26:53', 'pmckanea@meetup.com', true);
insert into Users
    (userId, type, userName, userPassword, lastName, firstName, phoneNumber, registrationDate, email, active)
values
    (12, 3, 'cmillinsb', 'cvCiaJEjBzYG', 'Millins', 'Cassie', 71894480, '2020-03-09 23:46:43', 'cmillinsb@washingtonpost.com', true);
insert into Users
    (userId, type, userName, userPassword, lastName, firstName, phoneNumber, registrationDate, email, active)
values
    (13, 2, 'nczaplac', 'JEGPP9sx', 'Czapla', 'Nert', 69290264, '2020-04-02 21:45:28', 'nczaplac@storify.com', true);
insert into Users
    (userId, type, userName, userPassword, lastName, firstName, phoneNumber, registrationDate, email, active)
values
    (14, 1, 'hbenchd', 'ch7xA6', 'Bench', 'Henryetta', 58105163, '2020-04-12 00:54:58', 'hbenchd@webmd.com', true);
insert into Users
    (userId, type, userName, userPassword, lastName, firstName, phoneNumber, registrationDate, email, active)
values
    (15, 1, 'rharmse', '6vPfzPSrL', 'Harms', 'Row', 42894639, '2020-03-22 01:00:48', 'rharmse@usatoday.com', true);
insert into Users
    (userId, type, userName, userPassword, lastName, firstName, phoneNumber, registrationDate, email, active)
values
    (16, 3, 'tbredef', 'V4IRsMJvqmg2', 'Brede', 'Tabbie', 26501740, '2020-04-15 03:48:34', 'tbredef@gizmodo.com', true);
insert into Users
    (userId, type, userName, userPassword, lastName, firstName, phoneNumber, registrationDate, email, active)
values
    (17, 2, 'jdarcyg', 'hx0h8b', 'Darcy', 'Jewell', 53417431, '2020-03-16 21:52:59', 'jdarcyg@wunderground.com', true);
insert into Users
    (userId, type, userName, userPassword, lastName, firstName, phoneNumber, registrationDate, email, active)
values
    (18, 1, 'fkhalidh', 'yBoPuM', 'Khalid', 'Fanni', 98435620, '2020-02-03 00:33:21', 'fkhalidh@ihg.com', true);
insert into Users
    (userId, type, userName, userPassword, lastName, firstName, phoneNumber, registrationDate, email, active)
values
    (19, 4, 'bmcarthuri', 'lojlfS42yN', 'McArthur', 'Berkie', 37358148, '2020-04-25 22:24:22', 'bmcarthuri@techcrunch.com', true);
insert into Users
    (userId, type, userName, userPassword, lastName, firstName, phoneNumber, registrationDate, email, active)
values
    (20, 2, 'lhendrickxj', 'VeDzNSO', 'Hendrickx', 'Leicester', 57296171, '2020-02-19 15:25:18', 'lhendrickxj@symantec.com', true);
insert into Users
    (userId, type, userName, userPassword, lastName, firstName, phoneNumber, registrationDate, email, active)
values
    (21, 1, 'lskallyk', 'QlW9LBSWOscc', 'Skally', 'Lelah', 60504075, '2020-04-19 08:54:07', 'lskallyk@dailymotion.com', true);
insert into Users
    (userId, type, userName, userPassword, lastName, firstName, phoneNumber, registrationDate, email, active)
values
    (22, 4, 'dchorleyl', 'FE2WsWwBRf6b', 'Chorley', 'Derward', 10054727, '2020-03-18 19:18:45', 'dchorleyl@symantec.com', true);
insert into Users
    (userId, type, userName, userPassword, lastName, firstName, phoneNumber, registrationDate, email, active)
values
    (23, 4, 'ugoodlettm', '0N6NFTOn0u', 'Goodlett', 'Ulla', 81900171, '2020-05-01 03:02:43', 'ugoodlettm@cnbc.com', true);
insert into Users
    (userId, type, userName, userPassword, lastName, firstName, phoneNumber, registrationDate, email, active)
values
    (24, 3, 'mgyorffyn', 'FAv1lYU', 'Gyorffy', 'Milicent', 48427173, '2020-02-18 05:38:32', 'mgyorffyn@facebook.com', true);
insert into Users
    (userId, type, userName, userPassword, lastName, firstName, phoneNumber, registrationDate, email, active)
values
    (25, 2, 'shimswortho', 'xEWM5r', 'Himsworth', 'Stephie', 82004890, '2020-03-27 09:41:44', 'shimswortho@sohu.com', true);
insert into Users
    (userId, type, userName, userPassword, lastName, firstName, phoneNumber, registrationDate, email, active)
values
    (26, 2, 'tstrelitzerp', 'kEp3YEx0zU', 'Strelitzer', 'Theresina', 13097741, '2020-03-25 13:24:07', 'tstrelitzerp@newyorker.com', true);
insert into Users
    (userId, type, userName, userPassword, lastName, firstName, phoneNumber, registrationDate, email, active)
values
    (27, 3, 'cspiersq', 'GySxxge', 'Spiers', 'Cam', 51637811, '2020-03-05 06:39:01', 'cspiersq@va.gov', true);
insert into Users
    (userId, type, userName, userPassword, lastName, firstName, phoneNumber, registrationDate, email, active)
values
    (28, 1, 'mledwitchr', '2MtKftuGLQzB', 'Ledwitch', 'Mil', 14801094, '2020-02-07 10:49:23', 'mledwitchr@drupal.org', true);
insert into Users
    (userId, type, userName, userPassword, lastName, firstName, phoneNumber, registrationDate, email, active)
values
    (29, 3, 'mstollsteiners', 'VSP7oAIyJQ', 'Stollsteiner', 'Masha', 86559259, '2020-04-25 19:32:14', 'mstollsteiners@google.it', true);
insert into Users
    (userId, type, userName, userPassword, lastName, firstName, phoneNumber, registrationDate, email, active)
values
    (30, 3, 'kgwynetht', 'I3iJHD45wYY', 'Gwyneth', 'Kinny', 71674310, '2020-03-13 15:28:44', 'kgwynetht@facebook.com', true);
insert into Users
    (userId, type, userName, userPassword, lastName, firstName, phoneNumber, registrationDate, email, active)
values
    (31, 2, 'clarrosau', '6BT3PQh001', 'Larrosa', 'Chrotoem', 31329886, '2020-05-02 03:13:00', 'clarrosau@craigslist.org', true);
insert into Users
    (userId, type, userName, userPassword, lastName, firstName, phoneNumber, registrationDate, email, active)
values
    (32, 4, 'mtauntonv', 'gS4TVrPJ', 'Taunton.', 'Maryjane', 19207806, '2020-04-02 22:24:36', 'mtauntonv@nature.com', true);
insert into Users
    (userId, type, userName, userPassword, lastName, firstName, phoneNumber, registrationDate, email, active)
values
    (33, 3, 'nleyesw', 'd02mZ46mp61W', 'Leyes', 'Nadean', 15619752, '2020-02-12 17:00:50', 'nleyesw@businesswire.com', true);
insert into Users
    (userId, type, userName, userPassword, lastName, firstName, phoneNumber, registrationDate, email, active)
values
    (34, 3, 'adimeox', 'WsqPkGg1i', 'Di Meo', 'Ailina', 75848593, '2020-02-23 07:58:03', 'adimeox@stumbleupon.com', true);
insert into Users
    (userId, type, userName, userPassword, lastName, firstName, phoneNumber, registrationDate, email, active)
values
    (35, 2, 'hivanusyevy', 'KN4djKJqHdI', 'Ivanusyev', 'Harper', 89963764, '2020-04-06 19:17:09', 'hivanusyevy@abc.net.au', true);
insert into Users
    (userId, type, userName, userPassword, lastName, firstName, phoneNumber, registrationDate, email, active)
values
    (36, 2, 'fwindusz', 'WP2mJvn8QWx', 'Windus', 'Fransisco', 57040449, '2020-03-15 03:29:52', 'fwindusz@wikipedia.org', true);
insert into Users
    (userId, type, userName, userPassword, lastName, firstName, phoneNumber, registrationDate, email, active)
values
    (37, 3, 'bdyte10', 'aAtG8oHgdrMN', 'Dyte', 'Bryce', 81529413, '2020-03-27 07:36:48', 'bdyte10@moonfruit.com', true);
insert into Users
    (userId, type, userName, userPassword, lastName, firstName, phoneNumber, registrationDate, email, active)
values
    (38, 3, 'nmcdonough11', 'uuFh48my', 'McDonough', 'Nickolas', 79702923, '2020-02-06 05:44:21', 'nmcdonough11@narod.ru', true);
insert into Users
    (userId, type, userName, userPassword, lastName, firstName, phoneNumber, registrationDate, email, active)
values
    (39, 2, 'efoxen12', '8HTnU3er', 'Foxen', 'Emyle', 71423937, '2020-04-28 21:34:40', 'efoxen12@unicef.org', true);
insert into Users
    (userId, type, userName, userPassword, lastName, firstName, phoneNumber, registrationDate, email, active)
values
    (40, 3, 'nkisbey13', '2ugZ8gsj', 'Kisbey', 'Norman', 70376461, '2020-02-06 11:20:15', 'nkisbey13@omniture.com', true);
insert into Users
    (userId, type, userName, userPassword, lastName, firstName, phoneNumber, registrationDate, email, active)
values
    (41, 4, 'hzellick14', 'sv2Ub3q0sS2', 'Zellick', 'Harley', 25773441, '2020-02-26 01:23:52', 'hzellick14@tripadvisor.com', true);
insert into Users
    (userId, type, userName, userPassword, lastName, firstName, phoneNumber, registrationDate, email, active)
values
    (42, 2, 'dcallacher15', 'eV7tF2eRVz6C', 'Callacher', 'Dylan', 78975690, '2020-04-28 02:07:54', 'dcallacher15@baidu.com', true);
insert into Users
    (userId, type, userName, userPassword, lastName, firstName, phoneNumber, registrationDate, email, active)
values
    (43, 1, 'epischoff16', 'jlsyA9Pz', 'Pischoff', 'Ernestine', 76711000, '2020-04-23 02:14:56', 'epischoff16@google.es', true);
insert into Users
    (userId, type, userName, userPassword, lastName, firstName, phoneNumber, registrationDate, email, active)
values
    (44, 2, 'alohden17', 'atnzosGhd7R', 'Lohden', 'Alfredo', 81001116, '2020-03-05 18:59:02', 'alohden17@google.ca', true);
insert into Users
    (userId, type, userName, userPassword, lastName, firstName, phoneNumber, registrationDate, email, active)
values
    (45, 4, 'sbullivant18', 'qO8euKlixzQ', 'Bullivant', 'Susanetta', 57086696, '2020-02-16 20:13:56', 'sbullivant18@dyndns.org', true);
insert into Users
    (userId, type, userName, userPassword, lastName, firstName, phoneNumber, registrationDate, email, active)
values
    (46, 4, 'schristene19', 'PYpeRq', 'Christene', 'Shani', 91436863, '2020-02-10 09:29:03', 'schristene19@dyndns.org', true);
insert into Users
    (userId, type, userName, userPassword, lastName, firstName, phoneNumber, registrationDate, email, active)
values
    (47, 2, 'tdestoop1a', 'jL4wxFzR8', 'De Stoop', 'Trevar', 68270214, '2020-03-29 14:52:03', 'tdestoop1a@woothemes.com', true);
insert into Users
    (userId, type, userName, userPassword, lastName, firstName, phoneNumber, registrationDate, email, active)
values
    (48, 1, 'cbeggi1b', 'OiRoHmJN', 'Beggi', 'Chastity', 70356498, '2020-04-30 15:55:35', 'cbeggi1b@parallels.com', true);
insert into Users
    (userId, type, userName, userPassword, lastName, firstName, phoneNumber, registrationDate, email, active)
values
    (49, 1, 'wwellbeloved1c', 'wIBeuvR9uwr0', 'Wellbeloved', 'Willie', 47077651, '2020-02-22 16:51:19', 'wwellbeloved1c@redcross.org', true);
insert into Users
    (userId, type, userName, userPassword, lastName, firstName, phoneNumber, registrationDate, email, active)
values
    (50, 1, 'scree1d', 'aRIhxJbcdZh', 'Cree', 'Shaun', 53916120, '2020-04-24 04:53:18', 'scree1d@comsenz.com', true);
insert into Users
    (userId, type, userName, userPassword, lastName, firstName, phoneNumber, registrationDate, email, active)
values
    (51, 3, 'jchevin1e', 'g0qpAsxq3', 'Chevin', 'Jayson', 15925707, '2020-02-15 10:27:24', 'jchevin1e@marriott.com', true);
insert into Users
    (userId, type, userName, userPassword, lastName, firstName, phoneNumber, registrationDate, email, active)
values
    (52, 3, 'eollive1f', 'qCdaVk', 'Ollive', 'Elysee', 94146241, '2020-03-14 18:09:12', 'eollive1f@hibu.com', true);
insert into Users
    (userId, type, userName, userPassword, lastName, firstName, phoneNumber, registrationDate, email, active)
values
    (53, 2, 'autridge1g', 'RjlzPQ83u', 'Utridge', 'Aggi', 15733132, '2020-03-02 13:52:50', 'autridge1g@e-recht24.de', true);
insert into Users
    (userId, type, userName, userPassword, lastName, firstName, phoneNumber, registrationDate, email, active)
values
    (54, 1, 'tcranston1h', 'HLCho5qAyiY', 'Cranston', 'Tamarah', 71154371, '2020-03-17 15:37:42', 'tcranston1h@merriam-webster.com', true);
insert into Users
    (userId, type, userName, userPassword, lastName, firstName, phoneNumber, registrationDate, email, active)
values
    (55, 1, 'grozanski1i', 'ftLxCUZC3N', 'Rozanski', 'Garrick', 27573765, '2020-02-09 22:27:07', 'grozanski1i@google.com', true);
insert into Users
    (userId, type, userName, userPassword, lastName, firstName, phoneNumber, registrationDate, email, active)
values
    (56, 1, 'narmer1j', 'buAG4yhRJO', 'Armer', 'Nerte', 12124315, '2020-03-04 02:01:06', 'narmer1j@weather.com', true);
insert into Users
    (userId, type, userName, userPassword, lastName, firstName, phoneNumber, registrationDate, email, active)
values
    (57, 3, 'echable1k', 'iu6R3W', 'Chable', 'Esmaria', 33229622, '2020-05-01 12:37:32', 'echable1k@wordpress.com', true);
insert into Users
    (userId, type, userName, userPassword, lastName, firstName, phoneNumber, registrationDate, email, active)
values
    (58, 4, 'wcassidy1l', 'OhIAqvNqI', 'Cassidy', 'Wit', 35151618, '2020-03-30 21:01:09', 'wcassidy1l@msn.com', true);
insert into Users
    (userId, type, userName, userPassword, lastName, firstName, phoneNumber, registrationDate, email, active)
values
    (59, 3, 'bmargaritelli1m', 'CZIUUGA5IhJM', 'Margaritelli', 'Brendin', 39751559, '2020-02-06 12:29:26', 'bmargaritelli1m@wordpress.org', true);
insert into Users
    (userId, type, userName, userPassword, lastName, firstName, phoneNumber, registrationDate, email, active)
values
    (60, 3, 'achataignier1n', 'pacIHpgNfk', 'Chataignier', 'Alla', 23623458, '2020-02-02 16:39:13', 'achataignier1n@w3.org', true);
insert into Users
    (userId, type, userName, userPassword, lastName, firstName, phoneNumber, registrationDate, email, active)
values
    (61, 1, 'wroddam1o', 'WJUqDDuwr0HG', 'Roddam', 'Wadsworth', 80862304, '2020-03-28 16:07:32', 'wroddam1o@flavors.me', true);
insert into Users
    (userId, type, userName, userPassword, lastName, firstName, phoneNumber, registrationDate, email, active)
values
    (62, 1, 'gconring1p', 'GRFH9Qu', 'Conring', 'Gaylene', 85486445, '2020-03-30 09:54:44', 'gconring1p@slideshare.net', true);
insert into Users
    (userId, type, userName, userPassword, lastName, firstName, phoneNumber, registrationDate, email, active)
values
    (63, 3, 'reuesden1q', 'gh0mZRCRohEn', 'Euesden', 'Rene', 61318425, '2020-04-26 08:35:05', 'reuesden1q@altervista.org', true);
insert into Users
    (userId, type, userName, userPassword, lastName, firstName, phoneNumber, registrationDate, email, active)
values
    (64, 1, 'bsummerside1r', 'IFMcbKh7b', 'Summerside', 'Beryle', 74875224, '2020-02-02 23:59:17', 'bsummerside1r@census.gov', true);
insert into Users
    (userId, type, userName, userPassword, lastName, firstName, phoneNumber, registrationDate, email, active)
values
    (65, 1, 'aferencz1s', 'W63Lzj', 'Ferencz', 'Alphard', 88515676, '2020-03-29 07:03:32', 'aferencz1s@csmonitor.com', true);
insert into Users
    (userId, type, userName, userPassword, lastName, firstName, phoneNumber, registrationDate, email, active)
values
    (66, 4, 'voheaney1t', 'HoHomFK7NeM', 'O''Heaney', 'Vito', 59807341, '2020-02-29 16:12:40', 'voheaney1t@msu.edu', true);
insert into Users
    (userId, type, userName, userPassword, lastName, firstName, phoneNumber, registrationDate, email, active)
values
    (67, 2, 'tmacdiarmid1u', 'eNLqG2', 'MacDiarmid', 'Tamera', 21442480, '2020-03-15 22:07:29', 'tmacdiarmid1u@t.co', true);
insert into Users
    (userId, type, userName, userPassword, lastName, firstName, phoneNumber, registrationDate, email, active)
values
    (68, 1, 'kbeelby1v', 'ZbOxb09LbZCF', 'Beelby', 'Kym', 30490379, '2020-02-23 12:55:00', 'kbeelby1v@cafepress.com', true);
insert into Users
    (userId, type, userName, userPassword, lastName, firstName, phoneNumber, registrationDate, email, active)
values
    (69, 2, 'abridgnell1w', 'EOAHrjaxo', 'Bridgnell', 'Ashlie', 16227394, '2020-04-12 04:30:46', 'abridgnell1w@ow.ly', true);
insert into Users
    (userId, type, userName, userPassword, lastName, firstName, phoneNumber, registrationDate, email, active)
values
    (70, 1, 'kcordelle1x', 'yXBICZ', 'Cordelle', 'Kimmy', 33837424, '2020-03-16 13:39:10', 'kcordelle1x@1und1.de', true);
insert into Users
    (userId, type, userName, userPassword, lastName, firstName, phoneNumber, registrationDate, email, active)
values
    (71, 2, 'idenyer1y', 'zRef2QuxH4p', 'Denyer', 'Isidoro', 41010417, '2020-04-22 08:44:30', 'idenyer1y@youku.com', true);
insert into Users
    (userId, type, userName, userPassword, lastName, firstName, phoneNumber, registrationDate, email, active)
values
    (72, 4, 'cboyet1z', 'xnALeEMhHC', 'Boyet', 'Correy', 34124090, '2020-03-30 02:07:12', 'cboyet1z@hostgator.com', true);
insert into Users
    (userId, type, userName, userPassword, lastName, firstName, phoneNumber, registrationDate, email, active)
values
    (73, 4, 'rbaird20', 'YS1t9Bl', 'Baird', 'Rodolfo', 64046211, '2020-02-05 15:24:47', 'rbaird20@oaic.gov.au', true);
insert into Users
    (userId, type, userName, userPassword, lastName, firstName, phoneNumber, registrationDate, email, active)
values
    (74, 1, 'pwollen21', 'nO320unvZ', 'Wollen', 'Paquito', 82310034, '2020-03-03 07:17:31', 'pwollen21@example.com', true);
insert into Users
    (userId, type, userName, userPassword, lastName, firstName, phoneNumber, registrationDate, email, active)
values
    (75, 1, 'asantos22', '1QDKYT', 'Santos', 'Austin', 25147501, '2020-04-18 19:40:48', 'asantos22@devhub.com', true);
insert into Users
    (userId, type, userName, userPassword, lastName, firstName, phoneNumber, registrationDate, email, active)
values
    (76, 3, 'sebunoluwa23', 'OcplnD05', 'Ebunoluwa', 'Sebastien', 45555341, '2020-02-17 07:22:03', 'sebunoluwa23@cnn.com', true);
insert into Users
    (userId, type, userName, userPassword, lastName, firstName, phoneNumber, registrationDate, email, active)
values
    (77, 3, 'cpurcer24', 'peYGxEkx7', 'Purcer', 'Cinda', 31313033, '2020-05-05 02:47:03', 'cpurcer24@t-online.de', true);
insert into Users
    (userId, type, userName, userPassword, lastName, firstName, phoneNumber, registrationDate, email, active)
values
    (78, 4, 'mconnop25', 'mCjWlyEUc', 'Connop', 'Mureil', 71482273, '2020-03-24 00:01:42', 'mconnop25@netscape.com', true);
insert into Users
    (userId, type, userName, userPassword, lastName, firstName, phoneNumber, registrationDate, email, active)
values
    (79, 2, 'rarnow26', 'IPvlS0I5', 'Arnow', 'Rik', 92031946, '2020-02-17 13:12:02', 'rarnow26@globo.com', true);
insert into Users
    (userId, type, userName, userPassword, lastName, firstName, phoneNumber, registrationDate, email, active)
values
    (80, 3, 'fdrowsfield27', 'Oe6c9VqtSIn', 'Drowsfield', 'Ferne', 14225146, '2020-02-13 04:40:30', 'fdrowsfield27@goo.gl', true);
insert into Users
    (userId, type, userName, userPassword, lastName, firstName, phoneNumber, registrationDate, email, active)
values
    (81, 4, 'fdecruz28', '8DZesu', 'De Cruz', 'Fenelia', 75602485, '2020-03-09 10:42:00', 'fdecruz28@printfriendly.com', true);
insert into Users
    (userId, type, userName, userPassword, lastName, firstName, phoneNumber, registrationDate, email, active)
values
    (82, 1, 'kvasyukov29', 'Htuc3FfQ', 'Vasyukov', 'Kingsley', 94471679, '2020-04-28 23:24:55', 'kvasyukov29@nbcnews.com', true);
insert into Users
    (userId, type, userName, userPassword, lastName, firstName, phoneNumber, registrationDate, email, active)
values
    (83, 3, 'crevance2a', 'il8IhWmMf', 'Revance', 'Cleopatra', 61582489, '2020-03-28 02:22:41', 'crevance2a@prweb.com', true);
insert into Users
    (userId, type, userName, userPassword, lastName, firstName, phoneNumber, registrationDate, email, active)
values
    (84, 4, 'mmoreman2b', 'cCKAThZJtqM9', 'Moreman', 'Minny', 20068446, '2020-04-03 04:59:39', 'mmoreman2b@delicious.com', true);
insert into Users
    (userId, type, userName, userPassword, lastName, firstName, phoneNumber, registrationDate, email, active)
values
    (85, 4, 'tdunniom2c', 'tQ50nq84W4l', 'Dunniom', 'Tamiko', 61610659, '2020-02-08 00:17:56', 'tdunniom2c@indiegogo.com', true);
insert into Users
    (userId, type, userName, userPassword, lastName, firstName, phoneNumber, registrationDate, email, active)
values
    (86, 4, 'rkellaway2d', 'LBULBG0O65y', 'Kellaway', 'Renaud', 28883373, '2020-03-20 17:06:55', 'rkellaway2d@indiatimes.com', true);
insert into Users
    (userId, type, userName, userPassword, lastName, firstName, phoneNumber, registrationDate, email, active)
values
    (87, 2, 'gjori2e', 'oMvFphjUXV', 'Jori', 'Gibby', 41252699, '2020-04-23 23:13:45', 'gjori2e@vistaprint.com', true);
insert into Users
    (userId, type, userName, userPassword, lastName, firstName, phoneNumber, registrationDate, email, active)
values
    (88, 3, 'aphilipsson2f', 'sEbepeuStLv', 'Philipsson', 'Andros', 82912971, '2020-04-01 05:26:25', 'aphilipsson2f@go.com', true);
insert into Users
    (userId, type, userName, userPassword, lastName, firstName, phoneNumber, registrationDate, email, active)
values
    (89, 3, 'dcorneil2g', 'TqKWiu54sw', 'Corneil', 'Darrelle', 22583980, '2020-02-14 16:12:08', 'dcorneil2g@liveinternet.ru', true);
insert into Users
    (userId, type, userName, userPassword, lastName, firstName, phoneNumber, registrationDate, email, active)
values
    (90, 2, 'wmounch2h', 'wjQYR1dYRP', 'Mounch', 'Weider', 87410569, '2020-02-25 05:10:03', 'wmounch2h@yale.edu', true);
insert into Users
    (userId, type, userName, userPassword, lastName, firstName, phoneNumber, registrationDate, email, active)
values
    (91, 2, 'iheys2i', '9BuF7f76', 'Heys', 'Isadore', 11306467, '2020-04-16 18:23:36', 'iheys2i@thetimes.co.uk', true);
insert into Users
    (userId, type, userName, userPassword, lastName, firstName, phoneNumber, registrationDate, email, active)
values
    (92, 1, 'hlermouth2j', '5dsUjKYAAuF', 'Lermouth', 'Helaina', 18684917, '2020-04-24 06:21:12', 'hlermouth2j@livejournal.com', true);
insert into Users
    (userId, type, userName, userPassword, lastName, firstName, phoneNumber, registrationDate, email, active)
values
    (93, 1, 'cgrimme2k', 'H3JyiC3QMh', 'Grimme', 'Cher', 47479601, '2020-04-10 20:49:29', 'cgrimme2k@patch.com', true);
insert into Users
    (userId, type, userName, userPassword, lastName, firstName, phoneNumber, registrationDate, email, active)
values
    (94, 1, 'slembcke2l', '7OoOmMZLKSXs', 'Lembcke', 'Sebastiano', 14935673, '2020-03-05 21:39:31', 'slembcke2l@goo.ne.jp', true);
insert into Users
    (userId, type, userName, userPassword, lastName, firstName, phoneNumber, registrationDate, email, active)
values
    (95, 2, 'mchapple2m', 'h9A7bYQRXa', 'Chapple', 'Merrill', 16086369, '2020-03-20 10:51:23', 'mchapple2m@netscape.com', true);
insert into Users
    (userId, type, userName, userPassword, lastName, firstName, phoneNumber, registrationDate, email, active)
values
    (96, 4, 'miapico2n', 'YuSx21', 'Iapico', 'Mohandis', 72532509, '2020-02-28 21:59:21', 'miapico2n@devhub.com', true);
insert into Users
    (userId, type, userName, userPassword, lastName, firstName, phoneNumber, registrationDate, email, active)
values
    (97, 2, 'ssahnow2o', 'VdBzmg', 'Sahnow', 'Sibley', 55038066, '2020-02-14 15:19:44', 'ssahnow2o@unicef.org', true);
insert into Users
    (userId, type, userName, userPassword, lastName, firstName, phoneNumber, registrationDate, email, active)
values
    (98, 4, 'fjambrozek2p', 'ybjALre', 'Jambrozek', 'Freedman', 73103659, '2020-04-04 06:36:13', 'fjambrozek2p@sfgate.com', true);
insert into Users
    (userId, type, userName, userPassword, lastName, firstName, phoneNumber, registrationDate, email, active)
values
    (99, 1, 'qairey2q', 'AEvO0v4NG', 'Airey', 'Quintina', 12685059, '2020-04-02 14:36:18', 'qairey2q@rakuten.co.jp', true);
insert into Users
    (userId, type, userName, userPassword, lastName, firstName, phoneNumber, registrationDate, email, active)
values
    (100, 3, 'dcoley2r', 'ItMRh5sRVM', 'Coley', 'Didi', 12131665, '2020-04-12 16:45:28', 'dcoley2r@amazon.com', true);


/*restaurants*/
insert into Restaurants (restaurantId, name, minOrderCost) values (1, 'Walker, Wehner and Koelpin', 3);
insert into Restaurants (restaurantId, name, minOrderCost) values (2, 'Ernser LLC', 4);
insert into Restaurants (restaurantId, name, minOrderCost) values (3, 'Jerde and Sons', 1);
insert into Restaurants (restaurantId, name, minOrderCost) values (4, 'Beatty and Sons', 9);
insert into Restaurants (restaurantId, name, minOrderCost) values (5, 'Bailey Group', 1);
insert into Restaurants (restaurantId, name, minOrderCost) values (6, 'Eichmann, Rogahn and Rutherford', 8);
insert into Restaurants (restaurantId, name, minOrderCost) values (7, 'Harber, Rolfson and Quigley', 3);
insert into Restaurants (restaurantId, name, minOrderCost) values (8, 'O''Hara, Leannon and Beatty', 1);
insert into Restaurants (restaurantId, name, minOrderCost) values (9, 'Fahey and Sons', 6);
insert into Restaurants (restaurantId, name, minOrderCost) values (10, 'Deckow and Sons', 9);
insert into Restaurants (restaurantId, name, minOrderCost) values (11, 'Gerhold, Walter and McLaughlin', 7);
insert into Restaurants (restaurantId, name, minOrderCost) values (12, 'Schroeder LLC', 5);
insert into Restaurants (restaurantId, name, minOrderCost) values (13, 'Bosco and Sons', 5);
insert into Restaurants (restaurantId, name, minOrderCost) values (14, 'Hansen-O''Keefe', 7);
insert into Restaurants (restaurantId, name, minOrderCost) values (15, 'Rodriguez LLC', 1);
insert into Restaurants (restaurantId, name, minOrderCost) values (16, 'Grady-Considine', 8);
insert into Restaurants (restaurantId, name, minOrderCost) values (17, 'Heaney-Yost', 7);
insert into Restaurants (restaurantId, name, minOrderCost) values (18, 'Fisher Group', 4);
insert into Restaurants (restaurantId, name, minOrderCost) values (19, 'Bashirian LLC', 7);
insert into Restaurants (restaurantId, name, minOrderCost) values (20, 'Stehr, Schumm and Bernier', 5);
insert into Restaurants (restaurantId, name, minOrderCost) values (21, 'Zulauf, Runte and Champlin', 1);
insert into Restaurants (restaurantId, name, minOrderCost) values (22, 'Turcotte, Krajcik and Spencer', 8);
insert into Restaurants (restaurantId, name, minOrderCost) values (23, 'Botsford, Champlin and Block', 3);
insert into Restaurants (restaurantId, name, minOrderCost) values (24, 'Mosciski and Sons', 3);
insert into Restaurants (restaurantId, name, minOrderCost) values (25, 'Emard, Koepp and Frami', 10);

/*RESTUARANTSTAFFS*/
INSERT INTO RestaurantStaffs(staffId,restaurantId) VALUES (1, 1);
INSERT INTO RestaurantStaffs(staffId,restaurantId) VALUES (7, 2);
INSERT INTO RestaurantStaffs(staffId,restaurantId) VALUES (11, 3);
INSERT INTO RestaurantStaffs(staffId,restaurantId) VALUES (12, 4);
INSERT INTO RestaurantStaffs(staffId,restaurantId) VALUES (16, 5);
INSERT INTO RestaurantStaffs(staffId,restaurantId) VALUES (24, 6);
INSERT INTO RestaurantStaffs(staffId,restaurantId) VALUES (29, 7);
INSERT INTO RestaurantStaffs(staffId,restaurantId) VALUES (30, 8);
INSERT INTO RestaurantStaffs(staffId,restaurantId) VALUES (33, 9);
INSERT INTO RestaurantStaffs(staffId,restaurantId) VALUES (34, 10);
INSERT INTO RestaurantStaffs(staffId,restaurantId) VALUES (37, 11);
INSERT INTO RestaurantStaffs(staffId,restaurantId) VALUES (38, 12);
INSERT INTO RestaurantStaffs(staffId,restaurantId) VALUES (40, 13);
INSERT INTO RestaurantStaffs(staffId,restaurantId) VALUES (51, 14);
INSERT INTO RestaurantStaffs(staffId,restaurantId) VALUES (52, 15);
INSERT INTO RestaurantStaffs(staffId,restaurantId) VALUES (57, 16);
INSERT INTO RestaurantStaffs(staffId,restaurantId) VALUES (59, 17);
INSERT INTO RestaurantStaffs(staffId,restaurantId) VALUES (60, 18);
INSERT INTO RestaurantStaffs(staffId,restaurantId) VALUES (63, 19);
INSERT INTO RestaurantStaffs(staffId,restaurantId) VALUES (76, 20);
INSERT INTO RestaurantStaffs(staffId,restaurantId) VALUES (77, 21);
INSERT INTO RestaurantStaffs(staffId,restaurantId) VALUES (80, 22);
INSERT INTO RestaurantStaffs(staffId,restaurantId) VALUES (83, 23);
INSERT INTO RestaurantStaffs(staffId,restaurantId) VALUES (88, 24);
INSERT INTO RestaurantStaffs(staffId,restaurantId) VALUES (89, 25);
INSERT INTO RestaurantStaffs(staffId,restaurantId) VALUES (100, 24);
INSERT INTO RestaurantStaffs(staffId,restaurantId) VALUES (27, 25);

/*CUSTOMERSDB*/
CREATE OR REPLACE FUNCTION create_customers_db()
RETURNS VOID
AS $$
    DECLARE
        cid RECORD;
    BEGIN
        FOR cId IN 
        SELECT *
        FROM USERS U 
        WHERE U.type = 1
        LOOP
            INSERT INTO Customers(customerId, lastLoginDate) VALUES (cId.userId, NOW() - (random() * interval '5 years') + (random() * interval '23 hours') + (random() * interval '59 minutes') + (random() * interval '59 seconds'));
        END LOOP;
    END;

$$ LANGUAGE plpgsql;

SELECT create_customers_db();

/*FDSMANAGERDB*/
CREATE OR REPLACE FUNCTION create_fdsmanagers_db()
RETURNS VOID
AS $$
    DECLARE
        mId RECORD;
    BEGIN
        FOR mId IN
        SELECT * FROM USERS U WHERE U.type = 4
        LOOP
            INSERT INTO FDSMANAGERS(managerId) VALUES (mId.userId);
        END LOOP;
    
    END;
$$ LANGUAGE plpgsql;

SELECT create_fdsmanagers_db();

/*RIDERSDB*/
CREATE OR REPLACE FUNCTION create_riders_db()
RETURNS VOID
AS $$
    DECLARE
        mId RECORD;
    BEGIN
        FOR mId IN
        SELECT * FROM USERS U WHERE U.type = 2
        LOOP
            INSERT INTO DeliveryRiders(riderId,type) VALUES (mId.userId, FLOOR(RANDOM() * (2-1+1) + 1)::int);
        END LOOP;
    
    END;
$$ LANGUAGE plpgsql;

CREATE OR REPLACE FUNCTION create_parttimers_db()
RETURNS VOID
AS $$
    DECLARE
        mId RECORD;
    BEGIN
        FOR mId IN
        SELECT * FROM DELIVERYRIDERS D WHERE D.type = 2
        LOOP
            INSERT INTO PartTimers(riderId) VALUES (mId.riderId);
        END LOOP;
    
    END;
$$ LANGUAGE plpgsql;

CREATE OR REPLACE FUNCTION create_fulltimers_db()
RETURNS VOID
AS $$
    DECLARE
        mId RECORD;
    BEGIN
        FOR mId IN
        SELECT * FROM DELIVERYRIDERS D WHERE D.type = 1
        LOOP
            INSERT INTO FullTimers(riderId) VALUES (mId.riderId);
        END LOOP;
    
    END;
$$ LANGUAGE plpgsql;

SELECT create_riders_db();
SELECT create_parttimers_db();
SELECT create_fulltimers_db();


/*CREDIT CARDS*/
insert into CreditCards (cardNo, customerId, bank, expirydate) values ('50184056503785821', 75, 'maestro', '2021-06-20 15:12:49');
insert into CreditCards (cardNo, customerId, bank, expirydate) values ('337941559652036', 14, 'americanexpress', '2022-07-08 22:42:11');
insert into CreditCards (cardNo, customerId, bank, expirydate) values ('374283758646558', 74, 'americanexpress', '2022-03-07 23:09:27');
insert into CreditCards (cardNo, customerId, bank, expirydate) values ('30409656688154', 18, 'diners-club-carte-blanche', '2023-01-08 10:23:07');
insert into CreditCards (cardNo, customerId, bank, expirydate) values ('5100141114197338', 65, 'mastercard', '2022-06-04 17:14:59');
insert into CreditCards (cardNo, customerId, bank, expirydate) values ('3578531909505844', 70, 'jcb', '2023-01-25 12:36:54');
insert into CreditCards (cardNo, customerId, bank, expirydate) values ('630432346996037668', 2, 'laser', '2022-08-24 03:16:03');
insert into CreditCards (cardNo, customerId, bank, expirydate) values ('3577285369888312', 64, 'jcb', '2022-04-11 01:17:45');
insert into CreditCards (cardNo, customerId, bank, expirydate) values ('3532709041030997', 14, 'jcb', '2022-06-04 11:07:31');
insert into CreditCards (cardNo, customerId, bank, expirydate) values ('3560991977417092', 99, 'jcb', '2021-08-31 10:48:57');
insert into CreditCards (cardNo, customerId, bank, expirydate) values ('5602239426015405', 18, 'bankcard', '2022-10-16 00:45:41');
insert into CreditCards (cardNo, customerId, bank, expirydate) values ('5610509210416351', 64, 'bankcard', '2023-03-01 00:47:41');
insert into CreditCards (cardNo, customerId, bank, expirydate) values ('5002357586790645', 82, 'mastercard', '2021-11-10 04:05:35');
insert into CreditCards (cardNo, customerId, bank, expirydate) values ('490588477380281694', 93, 'switch', '2021-11-04 16:46:29');
insert into CreditCards (cardNo, customerId, bank, expirydate) values ('3562879224381567', 68, 'jcb', '2021-10-21 18:18:29');
insert into CreditCards (cardNo, customerId, bank, expirydate) values ('3586901358425671', 49, 'jcb', '2021-09-21 21:46:37');
insert into CreditCards (cardNo, customerId, bank, expirydate) values ('4175005203491477', 55, 'visa-electron', '2023-04-15 22:26:22');
insert into CreditCards (cardNo, customerId, bank, expirydate) values ('589300899392540641', 75, 'maestro', '2021-10-18 16:50:23');
insert into CreditCards (cardNo, customerId, bank, expirydate) values ('3581028404522783', 28, 'jcb', '2023-03-07 19:11:25');
insert into CreditCards (cardNo, customerId, bank, expirydate) values ('5565428821161782', 94, 'mastercard', '2023-01-18 13:01:10');
insert into CreditCards (cardNo, customerId, bank, expirydate) values ('5536089852537294', 54, 'mastercard', '2022-12-09 07:16:21');
insert into CreditCards (cardNo, customerId, bank, expirydate) values ('6706864615537425312', 21, 'laser', '2023-03-04 12:01:04');
insert into CreditCards (cardNo, customerId, bank, expirydate) values ('3574714586026474', 55, 'jcb', '2022-01-20 16:43:15');
insert into CreditCards (cardNo, customerId, bank, expirydate) values ('6385107754908205', 55, 'instapayment', '2022-09-26 22:06:49');
insert into CreditCards (cardNo, customerId, bank, expirydate) values ('5444162488300410', 92, 'diners-club-us-ca', '2023-01-04 11:38:33');
insert into CreditCards (cardNo, customerId, bank, expirydate) values ('3548531621415311', 99, 'jcb', '2021-08-11 14:49:11');
insert into CreditCards (cardNo, customerId, bank, expirydate) values ('3530497282368951', 64, 'jcb', '2021-07-13 01:24:52');
insert into CreditCards (cardNo, customerId, bank, expirydate) values ('3530801488252739', 94, 'jcb', '2021-10-23 08:55:41');
insert into CreditCards (cardNo, customerId, bank, expirydate) values ('6333667620154158743', 14, 'switch', '2022-02-26 05:56:22');
insert into CreditCards (cardNo, customerId, bank, expirydate) values ('4041376700464', 55, 'visa', '2021-11-29 08:29:27');
insert into CreditCards (cardNo, customerId, bank, expirydate) values ('30170854011173', 99, 'diners-club-carte-blanche', '2021-09-30 02:32:54');
insert into CreditCards (cardNo, customerId, bank, expirydate) values ('3544193589795079', 49, 'jcb', '2022-07-05 00:27:21');
insert into CreditCards (cardNo, customerId, bank, expirydate) values ('374288806089214', 99, 'americanexpress', '2021-12-10 07:57:10');
insert into CreditCards (cardNo, customerId, bank, expirydate) values ('3550034585198044', 4, 'jcb', '2023-02-16 10:42:12');
insert into CreditCards (cardNo, customerId, bank, expirydate) values ('4405990557600843', 65, 'visa-electron', '2021-07-23 06:21:27');
insert into CreditCards (cardNo, customerId, bank, expirydate) values ('3552846121868295', 62, 'jcb', '2022-10-17 16:37:23');
insert into CreditCards (cardNo, customerId, bank, expirydate) values ('4913585327494165', 62, 'visa-electron', '2021-12-16 09:46:21');
insert into CreditCards (cardNo, customerId, bank, expirydate) values ('3584890301908531', 50, 'jcb', '2021-12-23 17:32:34');
insert into CreditCards (cardNo, customerId, bank, expirydate) values ('5002357287181508', 75, 'mastercard', '2022-11-03 21:39:14');
insert into CreditCards (cardNo, customerId, bank, expirydate) values ('501841621644921101', 4, 'maestro', '2021-10-08 00:58:00');
insert into CreditCards (cardNo, customerId, bank, expirydate) values ('5283217537875616', 93, 'mastercard', '2022-05-24 14:33:09');
insert into CreditCards (cardNo, customerId, bank, expirydate) values ('3550573026372684', 94, 'jcb', '2022-12-27 07:25:46');
insert into CreditCards (cardNo, customerId, bank, expirydate) values ('3564600536589517', 61, 'jcb', '2021-11-26 02:12:38');
insert into CreditCards (cardNo, customerId, bank, expirydate) values ('3565984556647838', 15, 'jcb', '2021-08-05 10:52:12');
insert into CreditCards (cardNo, customerId, bank, expirydate) values ('3572689867430110', 14, 'jcb', '2021-10-30 17:52:53');
insert into CreditCards (cardNo, customerId, bank, expirydate) values ('5602225276894197', 54, 'china-unionpay', '2022-02-06 17:57:54');
insert into CreditCards (cardNo, customerId, bank, expirydate) values ('3574375389672771', 82, 'jcb', '2021-06-06 07:23:08');
insert into CreditCards (cardNo, customerId, bank, expirydate) values ('4917117272098613', 92, 'visa-electron', '2022-12-11 12:47:26');
insert into CreditCards (cardNo, customerId, bank, expirydate) values ('5048371024292573', 94, 'mastercard', '2021-09-04 02:24:34');
insert into CreditCards (cardNo, customerId, bank, expirydate) values ('3563247157558214', 43, 'jcb', '2022-11-08 15:53:48');
insert into CreditCards (cardNo, customerId, bank, expirydate) values ('3539785878175454', 54, 'jcb', '2021-12-25 00:30:07');
insert into CreditCards (cardNo, customerId, bank, expirydate) values ('3547596197951420', 93, 'jcb', '2023-04-09 07:24:19');
insert into CreditCards (cardNo, customerId, bank, expirydate) values ('67638122913418886', 4, 'maestro', '2023-03-15 18:11:55');
insert into CreditCards (cardNo, customerId, bank, expirydate) values ('374283595617929', 92, 'americanexpress', '2022-04-15 00:14:10');
insert into CreditCards (cardNo, customerId, bank, expirydate) values ('503852025318027322', 18, 'maestro', '2023-02-03 04:03:03');
insert into CreditCards (cardNo, customerId, bank, expirydate) values ('3549221540377458', 28, 'jcb', '2022-07-26 14:25:03');
insert into CreditCards (cardNo, customerId, bank, expirydate) values ('30041796350666', 49, 'diners-club-carte-blanche', '2022-09-17 16:15:07');
insert into CreditCards (cardNo, customerId, bank, expirydate) values ('491120099320494493', 65, 'switch', '2022-06-26 05:50:18');
insert into CreditCards (cardNo, customerId, bank, expirydate) values ('3586317142436330', 62, 'jcb', '2021-10-05 20:49:12');
insert into CreditCards (cardNo, customerId, bank, expirydate) values ('5514964033383956', 54, 'diners-club-us-ca', '2022-01-06 13:54:25');
insert into CreditCards (cardNo, customerId, bank, expirydate) values ('3583146238979421', 75, 'jcb', '2022-07-28 15:42:04');
insert into CreditCards (cardNo, customerId, bank, expirydate) values ('3588003458376702', 64, 'jcb', '2022-05-20 00:43:35');
insert into CreditCards (cardNo, customerId, bank, expirydate) values ('201696359260371', 68, 'diners-club-enroute', '2021-05-27 20:47:21');
insert into CreditCards (cardNo, customerId, bank, expirydate) values ('30439386145175', 65, 'diners-club-carte-blanche', '2023-02-09 15:19:45');
insert into CreditCards (cardNo, customerId, bank, expirydate) values ('5048379458084697', 68, 'mastercard', '2022-01-21 04:15:18');
insert into CreditCards (cardNo, customerId, bank, expirydate) values ('6388327859881639', 14, 'instapayment', '2021-06-05 14:50:48');
insert into CreditCards (cardNo, customerId, bank, expirydate) values ('3541615165024345', 54, 'jcb', '2022-05-01 19:30:43');
insert into CreditCards (cardNo, customerId, bank, expirydate) values ('3540829418380807', 92, 'jcb', '2021-08-31 07:55:22');
insert into CreditCards (cardNo, customerId, bank, expirydate) values ('4026224086262324', 2, 'visa-electron', '2021-05-27 13:40:22');
insert into CreditCards (cardNo, customerId, bank, expirydate) values ('3581784915233688', 93, 'jcb', '2023-02-08 01:08:01');
insert into CreditCards (cardNo, customerId, bank, expirydate) values ('5020740788958029', 92, 'maestro', '2021-07-11 08:57:08');
insert into CreditCards (cardNo, customerId, bank, expirydate) values ('6331109296727332915', 28, 'switch', '2021-07-07 13:41:56');
insert into CreditCards (cardNo, customerId, bank, expirydate) values ('3531573007192774', 92, 'jcb', '2022-03-07 07:04:34');
insert into CreditCards (cardNo, customerId, bank, expirydate) values ('3548493209246388', 82, 'jcb', '2022-07-28 10:34:42');
insert into CreditCards (cardNo, customerId, bank, expirydate) values ('5111690361525465', 61, 'mastercard', '2021-07-01 12:00:28');
insert into CreditCards (cardNo, customerId, bank, expirydate) values ('201680244124950', 94, 'diners-club-enroute', '2021-09-27 03:52:49');
insert into CreditCards (cardNo, customerId, bank, expirydate) values ('6709755594256000', 28, 'laser', '2022-10-13 06:31:51');
insert into CreditCards (cardNo, customerId, bank, expirydate) values ('3580252433225975', 2, 'jcb', '2021-11-04 13:15:31');
insert into CreditCards (cardNo, customerId, bank, expirydate) values ('5100132551529158', 48, 'mastercard', '2021-12-15 05:25:44');
insert into CreditCards (cardNo, customerId, bank, expirydate) values ('5528971463265961', 82, 'mastercard', '2023-04-01 06:03:35');
insert into CreditCards (cardNo, customerId, bank, expirydate) values ('3577396609206379', 93, 'jcb', '2021-08-15 05:33:11');
insert into CreditCards (cardNo, customerId, bank, expirydate) values ('5641820469298272', 21, 'switch', '2021-12-13 00:29:11');
insert into CreditCards (cardNo, customerId, bank, expirydate) values ('374288041246678', 70, 'americanexpress', '2023-04-29 12:56:47');
insert into CreditCards (cardNo, customerId, bank, expirydate) values ('3573037116029268', 92, 'jcb', '2021-06-13 03:57:05');
insert into CreditCards (cardNo, customerId, bank, expirydate) values ('3571141425990806', 43, 'jcb', '2021-12-25 02:48:07');
insert into CreditCards (cardNo, customerId, bank, expirydate) values ('3538974583814117', 62, 'jcb', '2021-12-14 01:52:17');
insert into CreditCards (cardNo, customerId, bank, expirydate) values ('3553665900113577', 50, 'jcb', '2022-01-15 16:20:26');
insert into CreditCards (cardNo, customerId, bank, expirydate) values ('3541271770488515', 48, 'jcb', '2021-10-11 16:29:02');
insert into CreditCards (cardNo, customerId, bank, expirydate) values ('3532015258283570', 74, 'jcb', '2022-11-14 23:22:00');
insert into CreditCards (cardNo, customerId, bank, expirydate) values ('3569212052257589', 82, 'jcb', '2022-11-06 01:59:13');
insert into CreditCards (cardNo, customerId, bank, expirydate) values ('374283564257137', 14, 'americanexpress', '2022-06-08 21:49:31');
insert into CreditCards (cardNo, customerId, bank, expirydate) values ('4017959059409839', 56, 'visa', '2022-07-25 20:12:29');
insert into CreditCards (cardNo, customerId, bank, expirydate) values ('4270155628943083', 94, 'visa', '2023-04-19 06:54:21');
insert into CreditCards (cardNo, customerId, bank, expirydate) values ('3534731519785132', 49, 'jcb', '2022-12-27 07:02:05');
insert into CreditCards (cardNo, customerId, bank, expirydate) values ('30365909968068', 64, 'diners-club-carte-blanche', '2023-03-14 14:36:50');
insert into CreditCards (cardNo, customerId, bank, expirydate) values ('3546033440678783', 75, 'jcb', '2021-12-18 00:19:22');
insert into CreditCards (cardNo, customerId, bank, expirydate) values ('6386982606088482', 21, 'instapayment', '2021-09-04 13:16:39');
insert into CreditCards (cardNo, customerId, bank, expirydate) values ('36774968757094', 4, 'diners-club-international', '2023-03-09 02:03:31');
insert into CreditCards (cardNo, customerId, bank, expirydate) values ('50183522529486190', 92, 'maestro', '2022-12-05 00:00:23');
insert into CreditCards (cardNo, customerId, bank, expirydate) values ('30318057612160', 75, 'diners-club-carte-blanche', '2023-02-27 21:45:49');


/*FOODS DB*/
insert into Foods (foodId, name, restaurantId, dailyLimit, quantity, price, isSold) values (1, 'Bouq All Italian - Primerba', 6, 625, 536, 40.17, false);
insert into Foods (foodId, name, restaurantId, dailyLimit, quantity, price, isSold) values (2, 'Juice - Tomato, 10 Oz', 3, 822, 515, 41.83, false);
insert into Foods (foodId, name, restaurantId, dailyLimit, quantity, price, isSold) values (3, 'Bread - Bistro White', 5, 810, 302, 11.91, false);
insert into Foods (foodId, name, restaurantId, dailyLimit, quantity, price, isSold) values (4, 'Corn - Mini', 1, 967, 744, 41.16, false);
insert into Foods (foodId, name, restaurantId, dailyLimit, quantity, price, isSold) values (5, 'Petit Baguette', 8, 572, 403, 5.74, false);
insert into Foods (foodId, name, restaurantId, dailyLimit, quantity, price, isSold) values (6, 'Juice - Ocean Spray Kiwi', 8, 300, 298, 23.09, false);
insert into Foods (foodId, name, restaurantId, dailyLimit, quantity, price, isSold) values (7, 'Veal - Kidney', 4, 747, 706, 9.37, false);
insert into Foods (foodId, name, restaurantId, dailyLimit, quantity, price, isSold) values (8, 'Island Oasis - Mango Daiquiri', 1, 848, 701, 10.67, false);
insert into Foods (foodId, name, restaurantId, dailyLimit, quantity, price, isSold) values (9, 'Crab - Meat Combo', 19, 714, 351, 36.03, false);
insert into Foods (foodId, name, restaurantId, dailyLimit, quantity, price, isSold) values (10, 'Otomegusa Dashi Konbu', 7, 338, 114, 24.8, false);
insert into Foods (foodId, name, restaurantId, dailyLimit, quantity, price, isSold) values (11, 'Chocolate Bar - Smarties', 16, 694, 443, 26.64, false);
insert into Foods (foodId, name, restaurantId, dailyLimit, quantity, price, isSold) values (12, 'Cheese - Boursin, Garlic / Herbs', 19, 337, 81, 13.47, false);
insert into Foods (foodId, name, restaurantId, dailyLimit, quantity, price, isSold) values (13, 'Cookie Choc', 20, 591, 318, 10.96, false);
insert into Foods (foodId, name, restaurantId, dailyLimit, quantity, price, isSold) values (14, 'Samosa - Veg', 20, 802, 469, 25.58, false);
insert into Foods (foodId, name, restaurantId, dailyLimit, quantity, price, isSold) values (15, 'Bread - French Baquette', 14, 757, 681, 29.22, false);
insert into Foods (foodId, name, restaurantId, dailyLimit, quantity, price, isSold) values (16, 'Vector Energy Bar', 1, 656, 613, 40.15, false);
insert into Foods (foodId, name, restaurantId, dailyLimit, quantity, price, isSold) values (17, 'Lettuce - Mini Greens, Whole', 14, 586, 547, 46.95, false);
insert into Foods (foodId, name, restaurantId, dailyLimit, quantity, price, isSold) values (18, 'Wine - White, Colubia Cresh', 12, 636, 197, 28.75, false);
insert into Foods (foodId, name, restaurantId, dailyLimit, quantity, price, isSold) values (19, 'Almonds Ground Blanched', 24, 689, 413, 36.58, false);
insert into Foods (foodId, name, restaurantId, dailyLimit, quantity, price, isSold) values (20, 'Tea Peppermint', 6, 589, 476, 17.49, false);
insert into Foods (foodId, name, restaurantId, dailyLimit, quantity, price, isSold) values (21, 'Chevril', 23, 930, 382, 13.42, false);
insert into Foods (foodId, name, restaurantId, dailyLimit, quantity, price, isSold) values (22, 'Potatoes - Purple, Organic', 24, 690, 413, 37.46, false);
insert into Foods (foodId, name, restaurantId, dailyLimit, quantity, price, isSold) values (23, 'Oil - Truffle, White', 17, 699, 127, 18.99, false);
insert into Foods (foodId, name, restaurantId, dailyLimit, quantity, price, isSold) values (24, 'Bouq All Italian - Primerba', 9, 517, 515, 26.04, false);
insert into Foods (foodId, name, restaurantId, dailyLimit, quantity, price, isSold) values (25, 'Sea Bass - Whole', 21, 517, 146, 9.55, false);
insert into Foods (foodId, name, restaurantId, dailyLimit, quantity, price, isSold) values (26, 'Rice Pilaf, Dry,package', 5, 887, 641, 6.81, false);
insert into Foods (foodId, name, restaurantId, dailyLimit, quantity, price, isSold) values (27, 'Appetizer - Seafood Assortment', 23, 534, 101, 8.09, false);
insert into Foods (foodId, name, restaurantId, dailyLimit, quantity, price, isSold) values (28, 'Haggis', 4, 767, 106, 6.59, false);
insert into Foods (foodId, name, restaurantId, dailyLimit, quantity, price, isSold) values (29, 'Tandoori Curry Paste', 20, 959, 252, 47.94, false);
insert into Foods (foodId, name, restaurantId, dailyLimit, quantity, price, isSold) values (30, 'Capers - Pickled', 12, 783, 502, 39.08, false);
insert into Foods (foodId, name, restaurantId, dailyLimit, quantity, price, isSold) values (31, 'Sponge Cake Mix - Chocolate', 13, 362, 128, 12.65, false);
insert into Foods (foodId, name, restaurantId, dailyLimit, quantity, price, isSold) values (32, 'Liquid Aminios Acid - Braggs', 11, 441, 297, 11.98, false);
insert into Foods (foodId, name, restaurantId, dailyLimit, quantity, price, isSold) values (33, 'Tamarind Paste', 3, 308, 186, 7.74, false);
insert into Foods (foodId, name, restaurantId, dailyLimit, quantity, price, isSold) values (34, 'Beans - Yellow', 10, 455, 235, 39.41, false);
insert into Foods (foodId, name, restaurantId, dailyLimit, quantity, price, isSold) values (35, 'Tarts Assorted', 17, 510, 142, 31.65, false);
insert into Foods (foodId, name, restaurantId, dailyLimit, quantity, price, isSold) values (36, 'Brandy - Orange, Mc Guiness', 2, 387, 305, 31.85, false);
insert into Foods (foodId, name, restaurantId, dailyLimit, quantity, price, isSold) values (37, 'Table Cloth 90x90 Colour', 1, 334, 88, 25.73, false);
insert into Foods (foodId, name, restaurantId, dailyLimit, quantity, price, isSold) values (38, 'Icecream Bar - Del Monte', 7, 881, 653, 42.23, false);
insert into Foods (foodId, name, restaurantId, dailyLimit, quantity, price, isSold) values (39, 'Honey - Liquid', 23, 331, 38, 31.4, false);
insert into Foods (foodId, name, restaurantId, dailyLimit, quantity, price, isSold) values (40, 'Kohlrabi', 4, 932, 312, 9.93, false);
insert into Foods (foodId, name, restaurantId, dailyLimit, quantity, price, isSold) values (41, 'Quail - Jumbo', 5, 788, 357, 27.39, false);
insert into Foods (foodId, name, restaurantId, dailyLimit, quantity, price, isSold) values (42, 'Soupfoamcont12oz 112con', 23, 321, 173, 44.94, false);
insert into Foods (foodId, name, restaurantId, dailyLimit, quantity, price, isSold) values (43, 'Soda Water - Club Soda, 355 Ml', 7, 380, 327, 19.42, false);
insert into Foods (foodId, name, restaurantId, dailyLimit, quantity, price, isSold) values (44, 'Foam Espresso Cup Plain White', 14, 746, 28, 20.1, false);
insert into Foods (foodId, name, restaurantId, dailyLimit, quantity, price, isSold) values (45, 'Mussels - Frozen', 25, 927, 905, 5.38, false);
insert into Foods (foodId, name, restaurantId, dailyLimit, quantity, price, isSold) values (46, 'Beets - Golden', 10, 574, 351, 47.84, false);
insert into Foods (foodId, name, restaurantId, dailyLimit, quantity, price, isSold) values (47, 'Rum - Light, Captain Morgan', 25, 810, 550, 14.6, false);
insert into Foods (foodId, name, restaurantId, dailyLimit, quantity, price, isSold) values (48, 'Lamb Rack Frenched Australian', 20, 675, 63, 21.1, false);
insert into Foods (foodId, name, restaurantId, dailyLimit, quantity, price, isSold) values (49, 'Fish - Soup Base, Bouillon', 14, 674, 668, 49.47, false);
insert into Foods (foodId, name, restaurantId, dailyLimit, quantity, price, isSold) values (50, 'Venison - Racks Frenched', 1, 860, 208, 37.2, false);
insert into Foods (foodId, name, restaurantId, dailyLimit, quantity, price, isSold) values (51, 'Vinegar - Balsamic', 11, 791, 316, 42.73, false);
insert into Foods (foodId, name, restaurantId, dailyLimit, quantity, price, isSold) values (52, 'Pumpkin', 21, 332, 63, 38.48, false);
insert into Foods (foodId, name, restaurantId, dailyLimit, quantity, price, isSold) values (53, 'Onions - Green', 1, 339, 155, 8.39, false);
insert into Foods (foodId, name, restaurantId, dailyLimit, quantity, price, isSold) values (54, 'Cheese - Swiss', 8, 907, 439, 13.52, false);
insert into Foods (foodId, name, restaurantId, dailyLimit, quantity, price, isSold) values (55, 'Monkfish - Fresh', 10, 988, 895, 23.45, false);
insert into Foods (foodId, name, restaurantId, dailyLimit, quantity, price, isSold) values (56, 'Alize Sunset', 13, 451, 424, 47.22, false);
insert into Foods (foodId, name, restaurantId, dailyLimit, quantity, price, isSold) values (57, 'Salmon - Fillets', 1, 666, 533, 42.93, false);
insert into Foods (foodId, name, restaurantId, dailyLimit, quantity, price, isSold) values (58, 'Chicken - Base, Ultimate', 5, 658, 267, 31.45, false);
insert into Foods (foodId, name, restaurantId, dailyLimit, quantity, price, isSold) values (59, 'Wine - White, Schroder And Schyl', 12, 514, 335, 8.69, false);
insert into Foods (foodId, name, restaurantId, dailyLimit, quantity, price, isSold) values (60, 'Flavouring - Rum', 1, 459, 374, 14.32, false);
insert into Foods (foodId, name, restaurantId, dailyLimit, quantity, price, isSold) values (61, 'Jolt Cola', 19, 542, 398, 46.5, false);
insert into Foods (foodId, name, restaurantId, dailyLimit, quantity, price, isSold) values (62, 'Appetizer - Spring Roll, Veg', 18, 590, 530, 9.96, false);
insert into Foods (foodId, name, restaurantId, dailyLimit, quantity, price, isSold) values (63, 'Lamb - Sausage Casings', 25, 615, 373, 33.15, false);
insert into Foods (foodId, name, restaurantId, dailyLimit, quantity, price, isSold) values (64, 'Danishes - Mini Cheese', 22, 619, 548, 19.02, false);
insert into Foods (foodId, name, restaurantId, dailyLimit, quantity, price, isSold) values (65, 'Cheese - Woolwich Goat, Log', 19, 778, 276, 15.18, false);
insert into Foods (foodId, name, restaurantId, dailyLimit, quantity, price, isSold) values (66, 'Champagne - Brights, Dry', 10, 352, 159, 6.65, false);
insert into Foods (foodId, name, restaurantId, dailyLimit, quantity, price, isSold) values (67, 'Pork Loin Bine - In Frenched', 9, 494, 32, 32.84, false);
insert into Foods (foodId, name, restaurantId, dailyLimit, quantity, price, isSold) values (68, 'Mushroom - Porcini, Dry', 14, 492, 236, 32.4, false);
insert into Foods (foodId, name, restaurantId, dailyLimit, quantity, price, isSold) values (69, 'Relish', 7, 806, 680, 26.23, false);
insert into Foods (foodId, name, restaurantId, dailyLimit, quantity, price, isSold) values (70, 'Eggroll', 7, 492, 411, 5.01, false);
insert into Foods (foodId, name, restaurantId, dailyLimit, quantity, price, isSold) values (71, 'Cheese - Cambozola', 5, 495, 336, 36.75, false);
insert into Foods (foodId, name, restaurantId, dailyLimit, quantity, price, isSold) values (72, 'Cheese - Sheep Milk', 2, 804, 386, 38.2, false);
insert into Foods (foodId, name, restaurantId, dailyLimit, quantity, price, isSold) values (73, 'Rice - Aborio', 18, 406, 3, 14.48, false);
insert into Foods (foodId, name, restaurantId, dailyLimit, quantity, price, isSold) values (74, 'Juice - Prune', 20, 789, 123, 20.09, false);
insert into Foods (foodId, name, restaurantId, dailyLimit, quantity, price, isSold) values (75, 'Snails - Large Canned', 6, 546, 173, 19.23, false);
insert into Foods (foodId, name, restaurantId, dailyLimit, quantity, price, isSold) values (76, 'French Pastries', 22, 964, 205, 43.0, false);
insert into Foods (foodId, name, restaurantId, dailyLimit, quantity, price, isSold) values (77, 'Capers - Pickled', 17, 412, 247, 16.59, false);
insert into Foods (foodId, name, restaurantId, dailyLimit, quantity, price, isSold) values (78, 'Madeira', 19, 772, 326, 15.81, false);
insert into Foods (foodId, name, restaurantId, dailyLimit, quantity, price, isSold) values (79, 'Vanilla Beans', 8, 872, 72, 7.13, false);
insert into Foods (foodId, name, restaurantId, dailyLimit, quantity, price, isSold) values (80, 'Pork - Bacon,back Peameal', 23, 481, 163, 36.58, false);
insert into Foods (foodId, name, restaurantId, dailyLimit, quantity, price, isSold) values (81, 'Pancetta', 3, 748, 70, 26.61, false);
insert into Foods (foodId, name, restaurantId, dailyLimit, quantity, price, isSold) values (82, 'Langers - Mango Nectar', 5, 549, 470, 43.0, false);
insert into Foods (foodId, name, restaurantId, dailyLimit, quantity, price, isSold) values (83, 'Wine - Rubyport', 2, 691, 670, 25.1, false);
insert into Foods (foodId, name, restaurantId, dailyLimit, quantity, price, isSold) values (84, 'Wine - Red, Cooking', 6, 855, 816, 9.27, false);
insert into Foods (foodId, name, restaurantId, dailyLimit, quantity, price, isSold) values (85, 'Muffin Batt - Blueberry Passion', 22, 894, 234, 45.9, false);
insert into Foods (foodId, name, restaurantId, dailyLimit, quantity, price, isSold) values (86, 'Nut - Almond, Blanched, Whole', 1, 805, 145, 16.04, false);
insert into Foods (foodId, name, restaurantId, dailyLimit, quantity, price, isSold) values (87, 'Chicken - Base', 1, 682, 634, 27.54, false);
insert into Foods (foodId, name, restaurantId, dailyLimit, quantity, price, isSold) values (88, 'Muffin Mix - Chocolate Chip', 10, 738, 689, 39.6, false);
insert into Foods (foodId, name, restaurantId, dailyLimit, quantity, price, isSold) values (89, 'Pepper - Jalapeno', 24, 562, 17, 23.47, false);
insert into Foods (foodId, name, restaurantId, dailyLimit, quantity, price, isSold) values (90, 'Skewers - Bamboo', 5, 566, 341, 11.93, false);
insert into Foods (foodId, name, restaurantId, dailyLimit, quantity, price, isSold) values (91, 'Chutney Sauce', 21, 504, 246, 41.22, false);
insert into Foods (foodId, name, restaurantId, dailyLimit, quantity, price, isSold) values (92, 'Cheese - Boursin, Garlic / Herbs', 16, 718, 230, 44.24, false);
insert into Foods (foodId, name, restaurantId, dailyLimit, quantity, price, isSold) values (93, 'Doilies - 7, Paper', 4, 664, 509, 38.88, false);
insert into Foods (foodId, name, restaurantId, dailyLimit, quantity, price, isSold) values (94, 'Fond - Chocolate', 17, 856, 424, 31.16, false);
insert into Foods (foodId, name, restaurantId, dailyLimit, quantity, price, isSold) values (95, 'Foam Cup 6 Oz', 11, 806, 636, 5.33, false);
insert into Foods (foodId, name, restaurantId, dailyLimit, quantity, price, isSold) values (96, 'Beef - Rouladin, Sliced', 5, 480, 459, 45.37, false);
insert into Foods (foodId, name, restaurantId, dailyLimit, quantity, price, isSold) values (97, 'Pasta - Cheese / Spinach Bauletti', 14, 747, 142, 48.85, false);
insert into Foods (foodId, name, restaurantId, dailyLimit, quantity, price, isSold) values (98, 'Juice - Lemon', 25, 751, 75, 10.58, false);
insert into Foods (foodId, name, restaurantId, dailyLimit, quantity, price, isSold) values (99, 'Cheese - Cheddarsliced', 17, 553, 480, 5.93, false);
insert into Foods (foodId, name, restaurantId, dailyLimit, quantity, price, isSold) values (100, 'Lettuce - Boston Bib', 17, 861, 43, 41.53, false);
insert into Foods (foodId, name, restaurantId, dailyLimit, quantity, price, isSold) values (101, 'Water - Perrier', 4, 697, 479, 36.43, false);
insert into Foods (foodId, name, restaurantId, dailyLimit, quantity, price, isSold) values (102, 'Wine - Alicanca Vinho Verde', 8, 380, 227, 17.22, false);
insert into Foods (foodId, name, restaurantId, dailyLimit, quantity, price, isSold) values (103, 'Cookie Dough - Chocolate Chip', 24, 669, 438, 28.26, false);
insert into Foods (foodId, name, restaurantId, dailyLimit, quantity, price, isSold) values (104, 'Wine - Shiraz South Eastern', 12, 404, 100, 31.1, false);
insert into Foods (foodId, name, restaurantId, dailyLimit, quantity, price, isSold) values (105, 'Wine - Savigny - Les - Beaune', 10, 649, 548, 40.16, false);
insert into Foods (foodId, name, restaurantId, dailyLimit, quantity, price, isSold) values (106, 'Bagel - Plain', 8, 922, 744, 47.46, false);
insert into Foods (foodId, name, restaurantId, dailyLimit, quantity, price, isSold) values (107, 'Cheese - Brick With Onion', 1, 637, 580, 38.78, false);
insert into Foods (foodId, name, restaurantId, dailyLimit, quantity, price, isSold) values (108, 'Cakes Assorted', 2, 875, 134, 25.47, false);
insert into Foods (foodId, name, restaurantId, dailyLimit, quantity, price, isSold) values (109, 'Tomatoes - Plum, Canned', 6, 372, 65, 34.79, false);
insert into Foods (foodId, name, restaurantId, dailyLimit, quantity, price, isSold) values (110, 'Coffee - Flavoured', 5, 577, 20, 35.23, false);
insert into Foods (foodId, name, restaurantId, dailyLimit, quantity, price, isSold) values (111, 'Sobe - Liz Blizz', 4, 648, 412, 7.33, false);
insert into Foods (foodId, name, restaurantId, dailyLimit, quantity, price, isSold) values (112, 'Mahi Mahi', 18, 426, 263, 44.87, false);
insert into Foods (foodId, name, restaurantId, dailyLimit, quantity, price, isSold) values (113, 'Veal - Tenderloin, Untrimmed', 5, 915, 703, 10.97, false);
insert into Foods (foodId, name, restaurantId, dailyLimit, quantity, price, isSold) values (114, 'C - Plus, Orange', 7, 672, 487, 39.36, false);
insert into Foods (foodId, name, restaurantId, dailyLimit, quantity, price, isSold) values (115, 'Oil - Food, Lacquer Spray', 25, 914, 33, 16.14, false);
insert into Foods (foodId, name, restaurantId, dailyLimit, quantity, price, isSold) values (116, 'Cheese - Manchego, Spanish', 15, 591, 524, 32.2, false);
insert into Foods (foodId, name, restaurantId, dailyLimit, quantity, price, isSold) values (117, 'Wood Chips - Regular', 18, 988, 625, 42.64, false);
insert into Foods (foodId, name, restaurantId, dailyLimit, quantity, price, isSold) values (118, 'Pears - Bartlett', 5, 945, 797, 20.15, false);
insert into Foods (foodId, name, restaurantId, dailyLimit, quantity, price, isSold) values (119, 'Wine - Chateauneuf Du Pape', 4, 980, 484, 26.69, false);
insert into Foods (foodId, name, restaurantId, dailyLimit, quantity, price, isSold) values (120, 'Cardamon Ground', 17, 809, 581, 18.39, false);
insert into Foods (foodId, name, restaurantId, dailyLimit, quantity, price, isSold) values (121, 'Wine - Prem Select Charddonany', 14, 726, 548, 39.37, false);
insert into Foods (foodId, name, restaurantId, dailyLimit, quantity, price, isSold) values (122, 'Brandy - Bar', 20, 536, 346, 49.33, false);
insert into Foods (foodId, name, restaurantId, dailyLimit, quantity, price, isSold) values (123, 'Contreau', 17, 412, 386, 44.32, false);
insert into Foods (foodId, name, restaurantId, dailyLimit, quantity, price, isSold) values (124, 'Tea - Decaf 1 Cup', 18, 596, 124, 30.24, false);
insert into Foods (foodId, name, restaurantId, dailyLimit, quantity, price, isSold) values (125, 'Table Cloth 53x69 White', 1, 776, 84, 23.14, false);
insert into Foods (foodId, name, restaurantId, dailyLimit, quantity, price, isSold) values (126, 'Pickerel - Fillets', 25, 387, 384, 20.29, false);
insert into Foods (foodId, name, restaurantId, dailyLimit, quantity, price, isSold) values (127, 'Nut - Peanut, Roasted', 25, 515, 261, 35.29, false);
insert into Foods (foodId, name, restaurantId, dailyLimit, quantity, price, isSold) values (128, 'Mints - Striped Red', 18, 382, 219, 17.28, false);
insert into Foods (foodId, name, restaurantId, dailyLimit, quantity, price, isSold) values (129, 'Icecream - Dstk Cml And Fdg', 4, 333, 32, 40.0, false);
insert into Foods (foodId, name, restaurantId, dailyLimit, quantity, price, isSold) values (130, 'Veal - Bones', 17, 859, 18, 43.08, false);
insert into Foods (foodId, name, restaurantId, dailyLimit, quantity, price, isSold) values (131, 'Bread - Roll, Canadian Dinner', 19, 328, 110, 5.69, false);
insert into Foods (foodId, name, restaurantId, dailyLimit, quantity, price, isSold) values (132, 'Rabbit - Legs', 18, 328, 273, 49.23, false);
insert into Foods (foodId, name, restaurantId, dailyLimit, quantity, price, isSold) values (133, 'Wine - Lamancha Do Crianza', 18, 909, 843, 10.6, false);
insert into Foods (foodId, name, restaurantId, dailyLimit, quantity, price, isSold) values (134, 'Soupfoamcont12oz 112con', 1, 541, 537, 12.11, false);
insert into Foods (foodId, name, restaurantId, dailyLimit, quantity, price, isSold) values (135, 'Milk - Condensed', 21, 849, 771, 41.71, false);
insert into Foods (foodId, name, restaurantId, dailyLimit, quantity, price, isSold) values (136, 'Venison - Liver', 19, 477, 362, 10.28, false);
insert into Foods (foodId, name, restaurantId, dailyLimit, quantity, price, isSold) values (137, 'Tomatoes - Heirloom', 7, 936, 613, 15.99, false);
insert into Foods (foodId, name, restaurantId, dailyLimit, quantity, price, isSold) values (138, 'Potatoes - Idaho 100 Count', 17, 758, 275, 46.56, false);
insert into Foods (foodId, name, restaurantId, dailyLimit, quantity, price, isSold) values (139, 'Dc Hikiage Hira Huba', 13, 323, 29, 8.86, false);
insert into Foods (foodId, name, restaurantId, dailyLimit, quantity, price, isSold) values (140, 'Bread - Wheat Baguette', 20, 943, 18, 39.76, false);
insert into Foods (foodId, name, restaurantId, dailyLimit, quantity, price, isSold) values (141, 'Sugar - Brown', 21, 682, 260, 36.88, false);
insert into Foods (foodId, name, restaurantId, dailyLimit, quantity, price, isSold) values (142, 'Truffle - Peelings', 17, 305, 164, 34.94, false);
insert into Foods (foodId, name, restaurantId, dailyLimit, quantity, price, isSold) values (143, 'Tumeric', 7, 860, 252, 47.94, false);
insert into Foods (foodId, name, restaurantId, dailyLimit, quantity, price, isSold) values (144, 'Syrup - Monin, Swiss Choclate', 20, 445, 231, 35.55, false);
insert into Foods (foodId, name, restaurantId, dailyLimit, quantity, price, isSold) values (145, 'Salmon - Atlantic, Fresh, Whole', 14, 653, 131, 30.62, false);
insert into Foods (foodId, name, restaurantId, dailyLimit, quantity, price, isSold) values (146, 'Wine - Vouvray Cuvee Domaine', 23, 359, 244, 43.72, false);
insert into Foods (foodId, name, restaurantId, dailyLimit, quantity, price, isSold) values (147, 'Beef Flat Iron Steak', 23, 954, 770, 36.84, false);
insert into Foods (foodId, name, restaurantId, dailyLimit, quantity, price, isSold) values (148, 'Venison - Striploin', 5, 814, 439, 28.97, false);
insert into Foods (foodId, name, restaurantId, dailyLimit, quantity, price, isSold) values (149, 'Truffle Shells - White Chocolate', 5, 724, 323, 35.69, false);
insert into Foods (foodId, name, restaurantId, dailyLimit, quantity, price, isSold) values (150, 'Oil - Peanut', 4, 465, 422, 47.36, false);
insert into Foods (foodId, name, restaurantId, dailyLimit, quantity, price, isSold) values (151, 'Kirsch - Schloss', 9, 488, 464, 44.6, false);
insert into Foods (foodId, name, restaurantId, dailyLimit, quantity, price, isSold) values (152, 'Hipnotiq Liquor', 4, 370, 272, 32.32, false);
insert into Foods (foodId, name, restaurantId, dailyLimit, quantity, price, isSold) values (153, 'Wine - Chianti Classico Riserva', 9, 942, 553, 23.48, false);
insert into Foods (foodId, name, restaurantId, dailyLimit, quantity, price, isSold) values (154, 'Lotus Leaves', 4, 331, 16, 19.78, false);
insert into Foods (foodId, name, restaurantId, dailyLimit, quantity, price, isSold) values (155, 'Wine - Red, Mouton Cadet', 23, 597, 233, 48.82, false);
insert into Foods (foodId, name, restaurantId, dailyLimit, quantity, price, isSold) values (156, 'Gelatine Powder', 8, 778, 631, 44.12, false);
insert into Foods (foodId, name, restaurantId, dailyLimit, quantity, price, isSold) values (157, 'Wine - Prosecco Valdobiaddene', 15, 796, 618, 33.41, false);
insert into Foods (foodId, name, restaurantId, dailyLimit, quantity, price, isSold) values (158, 'Appetiser - Bought', 16, 607, 525, 22.83, false);
insert into Foods (foodId, name, restaurantId, dailyLimit, quantity, price, isSold) values (159, 'Cup - Paper 10oz 92959', 15, 710, 560, 33.01, false);
insert into Foods (foodId, name, restaurantId, dailyLimit, quantity, price, isSold) values (160, 'Carbonated Water - Lemon Lime', 24, 662, 106, 8.86, false);
insert into Foods (foodId, name, restaurantId, dailyLimit, quantity, price, isSold) values (161, 'Capers - Ox Eye Daisy', 20, 959, 578, 12.3, false);
insert into Foods (foodId, name, restaurantId, dailyLimit, quantity, price, isSold) values (162, 'Wine - Ruffino Chianti Classico', 25, 333, 154, 7.54, false);
insert into Foods (foodId, name, restaurantId, dailyLimit, quantity, price, isSold) values (163, 'Bag Clear 10 Lb', 4, 687, 179, 43.97, false);
insert into Foods (foodId, name, restaurantId, dailyLimit, quantity, price, isSold) values (164, 'Pears - Anjou', 10, 662, 478, 41.75, false);
insert into Foods (foodId, name, restaurantId, dailyLimit, quantity, price, isSold) values (165, 'Chervil - Fresh', 25, 567, 165, 25.72, false);
insert into Foods (foodId, name, restaurantId, dailyLimit, quantity, price, isSold) values (166, 'Veal - Insides, Grains', 17, 537, 159, 41.83, false);
insert into Foods (foodId, name, restaurantId, dailyLimit, quantity, price, isSold) values (167, 'Versatainer Nc - 888', 13, 693, 270, 38.75, false);
insert into Foods (foodId, name, restaurantId, dailyLimit, quantity, price, isSold) values (168, 'Cheese - Boursin, Garlic / Herbs', 8, 719, 357, 44.2, false);
insert into Foods (foodId, name, restaurantId, dailyLimit, quantity, price, isSold) values (169, 'Russian Prince', 15, 973, 234, 38.62, false);
insert into Foods (foodId, name, restaurantId, dailyLimit, quantity, price, isSold) values (170, 'Soup - Cream Of Broccoli, Dry', 6, 599, 312, 33.49, false);
insert into Foods (foodId, name, restaurantId, dailyLimit, quantity, price, isSold) values (171, 'Blouse / Shirt / Sweater', 19, 367, 67, 21.94, false);
insert into Foods (foodId, name, restaurantId, dailyLimit, quantity, price, isSold) values (172, 'Goat - Whole Cut', 4, 541, 84, 27.67, false);
insert into Foods (foodId, name, restaurantId, dailyLimit, quantity, price, isSold) values (173, 'Peppercorns - Pink', 17, 947, 259, 40.22, false);
insert into Foods (foodId, name, restaurantId, dailyLimit, quantity, price, isSold) values (174, 'Wine - Merlot Vina Carmen', 8, 875, 776, 33.89, false);
insert into Foods (foodId, name, restaurantId, dailyLimit, quantity, price, isSold) values (175, 'Oil - Olive', 24, 883, 20, 12.29, false);
insert into Foods (foodId, name, restaurantId, dailyLimit, quantity, price, isSold) values (176, 'Flower - Potmums', 1, 771, 527, 24.8, false);
insert into Foods (foodId, name, restaurantId, dailyLimit, quantity, price, isSold) values (177, 'Liners - Baking Cups', 3, 328, 209, 47.92, false);
insert into Foods (foodId, name, restaurantId, dailyLimit, quantity, price, isSold) values (178, 'Beer - Sleemans Cream Ale', 24, 547, 219, 49.01, false);
insert into Foods (foodId, name, restaurantId, dailyLimit, quantity, price, isSold) values (179, 'Syrup - Pancake', 4, 573, 568, 39.39, false);
insert into Foods (foodId, name, restaurantId, dailyLimit, quantity, price, isSold) values (180, 'Catfish - Fillets', 3, 611, 256, 9.62, false);
insert into Foods (foodId, name, restaurantId, dailyLimit, quantity, price, isSold) values (181, 'Yogurt - Peach, 175 Gr', 13, 795, 377, 39.91, false);
insert into Foods (foodId, name, restaurantId, dailyLimit, quantity, price, isSold) values (182, 'Five Alive Citrus', 19, 931, 826, 36.49, false);
insert into Foods (foodId, name, restaurantId, dailyLimit, quantity, price, isSold) values (183, 'Wine - Chenin Blanc K.w.v.', 16, 532, 222, 25.31, false);
insert into Foods (foodId, name, restaurantId, dailyLimit, quantity, price, isSold) values (184, 'Wine - White, Cooking', 9, 575, 432, 28.04, false);
insert into Foods (foodId, name, restaurantId, dailyLimit, quantity, price, isSold) values (185, 'Lettuce - Lambs Mash', 16, 346, 329, 21.99, false);
insert into Foods (foodId, name, restaurantId, dailyLimit, quantity, price, isSold) values (186, 'Capon - Breast, Wing On', 17, 825, 54, 12.64, false);
insert into Foods (foodId, name, restaurantId, dailyLimit, quantity, price, isSold) values (187, 'Pasta - Fusili, Dry', 10, 582, 357, 48.0, false);
insert into Foods (foodId, name, restaurantId, dailyLimit, quantity, price, isSold) values (188, 'Wine - Winzer Krems Gruner', 3, 309, 225, 47.42, false);
insert into Foods (foodId, name, restaurantId, dailyLimit, quantity, price, isSold) values (189, 'Soup - Beef, Base Mix', 4, 662, 393, 33.52, false);
insert into Foods (foodId, name, restaurantId, dailyLimit, quantity, price, isSold) values (190, 'Jameson - Irish Whiskey', 18, 425, 197, 7.82, false);
insert into Foods (foodId, name, restaurantId, dailyLimit, quantity, price, isSold) values (191, 'Shrimp - Black Tiger 6 - 8', 23, 399, 293, 22.22, false);
insert into Foods (foodId, name, restaurantId, dailyLimit, quantity, price, isSold) values (192, 'Extract Vanilla Pure', 11, 878, 733, 42.77, false);
insert into Foods (foodId, name, restaurantId, dailyLimit, quantity, price, isSold) values (193, 'Nectarines', 12, 995, 557, 17.57, false);
insert into Foods (foodId, name, restaurantId, dailyLimit, quantity, price, isSold) values (194, 'V8 - Berry Blend', 4, 556, 207, 7.37, false);
insert into Foods (foodId, name, restaurantId, dailyLimit, quantity, price, isSold) values (195, 'Olives - Kalamata', 9, 744, 497, 26.62, false);
insert into Foods (foodId, name, restaurantId, dailyLimit, quantity, price, isSold) values (196, 'Cheese - St. Paulin', 23, 707, 312, 6.51, false);
insert into Foods (foodId, name, restaurantId, dailyLimit, quantity, price, isSold) values (197, 'Kiwi Gold Zespri', 24, 813, 456, 11.64, false);
insert into Foods (foodId, name, restaurantId, dailyLimit, quantity, price, isSold) values (198, 'Mudslide', 1, 930, 684, 47.32, false);
insert into Foods (foodId, name, restaurantId, dailyLimit, quantity, price, isSold) values (199, 'Wine - Manischewitz Concord', 18, 431, 268, 33.93, false);
insert into Foods (foodId, name, restaurantId, dailyLimit, quantity, price, isSold) values (200, 'Fork - Plastic', 8, 654, 219, 37.24, false);
insert into Foods (foodId, name, restaurantId, dailyLimit, quantity, price, isSold) values (201, 'Spice - Peppercorn Melange', 23, 700, 451, 13.68, false);
insert into Foods (foodId, name, restaurantId, dailyLimit, quantity, price, isSold) values (202, 'Beef - Rib Roast, Cap On', 22, 837, 356, 5.16, false);
insert into Foods (foodId, name, restaurantId, dailyLimit, quantity, price, isSold) values (203, 'Table Cloth 91x91 Colour', 21, 905, 444, 37.9, false);
insert into Foods (foodId, name, restaurantId, dailyLimit, quantity, price, isSold) values (204, 'Pasta - Fett Alfredo, Single Serve', 15, 620, 495, 45.19, false);
insert into Foods (foodId, name, restaurantId, dailyLimit, quantity, price, isSold) values (205, 'Devonshire Cream', 14, 823, 484, 11.59, false);
insert into Foods (foodId, name, restaurantId, dailyLimit, quantity, price, isSold) values (206, 'Beans - Black Bean, Preserved', 24, 879, 449, 38.38, false);
insert into Foods (foodId, name, restaurantId, dailyLimit, quantity, price, isSold) values (207, 'Container - Hngd Cll Blk 7x7x3', 11, 938, 751, 11.47, false);
insert into Foods (foodId, name, restaurantId, dailyLimit, quantity, price, isSold) values (208, 'Straws - Cocktale', 18, 715, 333, 20.43, false);
insert into Foods (foodId, name, restaurantId, dailyLimit, quantity, price, isSold) values (209, 'Wine - Saint - Bris 2002, Sauv', 5, 390, 86, 6.66, false);
insert into Foods (foodId, name, restaurantId, dailyLimit, quantity, price, isSold) values (210, 'Yogurt - French Vanilla', 12, 418, 338, 29.69, false);
insert into Foods (foodId, name, restaurantId, dailyLimit, quantity, price, isSold) values (211, 'Tortillas - Flour, 12', 10, 941, 855, 22.46, false);
insert into Foods (foodId, name, restaurantId, dailyLimit, quantity, price, isSold) values (212, 'Lobster - Live', 17, 511, 71, 29.38, false);
insert into Foods (foodId, name, restaurantId, dailyLimit, quantity, price, isSold) values (213, 'Apricots Fresh', 15, 317, 167, 19.27, false);
insert into Foods (foodId, name, restaurantId, dailyLimit, quantity, price, isSold) values (214, 'Bacardi Raspberry', 4, 311, 127, 7.45, false);
insert into Foods (foodId, name, restaurantId, dailyLimit, quantity, price, isSold) values (215, 'Chicken - Whole Roasting', 10, 332, 326, 36.75, false);
insert into Foods (foodId, name, restaurantId, dailyLimit, quantity, price, isSold) values (216, 'Soup - Campbells Pasta Fagioli', 11, 476, 475, 47.06, false);
insert into Foods (foodId, name, restaurantId, dailyLimit, quantity, price, isSold) values (217, 'Wine - Red, Colio Cabernet', 18, 778, 203, 29.18, false);
insert into Foods (foodId, name, restaurantId, dailyLimit, quantity, price, isSold) values (218, 'Coconut - Shredded, Sweet', 19, 331, 180, 6.6, false);
insert into Foods (foodId, name, restaurantId, dailyLimit, quantity, price, isSold) values (219, 'Beef - Sushi Flat Iron Steak', 15, 959, 510, 8.35, false);
insert into Foods (foodId, name, restaurantId, dailyLimit, quantity, price, isSold) values (220, 'Cake - Dulce De Leche', 19, 771, 60, 18.71, false);
insert into Foods (foodId, name, restaurantId, dailyLimit, quantity, price, isSold) values (221, 'Maple Syrup', 19, 818, 157, 25.56, false);
insert into Foods (foodId, name, restaurantId, dailyLimit, quantity, price, isSold) values (222, 'Stock - Chicken, White', 22, 313, 270, 10.1, false);
insert into Foods (foodId, name, restaurantId, dailyLimit, quantity, price, isSold) values (223, 'Wine - Chablis 2003 Champs', 21, 986, 978, 19.02, false);
insert into Foods (foodId, name, restaurantId, dailyLimit, quantity, price, isSold) values (224, 'Juice - Orange 1.89l', 2, 339, 41, 15.97, false);
insert into Foods (foodId, name, restaurantId, dailyLimit, quantity, price, isSold) values (225, 'Goat - Leg', 12, 645, 336, 8.69, false);
insert into Foods (foodId, name, restaurantId, dailyLimit, quantity, price, isSold) values (226, 'Pastry - Apple Large', 2, 653, 274, 40.72, false);
insert into Foods (foodId, name, restaurantId, dailyLimit, quantity, price, isSold) values (227, 'Onions - Pearl', 13, 857, 734, 28.23, false);
insert into Foods (foodId, name, restaurantId, dailyLimit, quantity, price, isSold) values (228, 'Towel Multifold', 22, 455, 279, 7.63, false);
insert into Foods (foodId, name, restaurantId, dailyLimit, quantity, price, isSold) values (229, 'Cookie Chocolate Chip With', 19, 561, 460, 26.32, false);
insert into Foods (foodId, name, restaurantId, dailyLimit, quantity, price, isSold) values (230, 'Radish - Black, Winter, Organic', 12, 525, 329, 42.25, false);
insert into Foods (foodId, name, restaurantId, dailyLimit, quantity, price, isSold) values (231, 'Champagne - Brights, Dry', 23, 775, 285, 17.21, false);
insert into Foods (foodId, name, restaurantId, dailyLimit, quantity, price, isSold) values (232, 'Chocolate Liqueur - Godet White', 25, 529, 142, 45.21, false);
insert into Foods (foodId, name, restaurantId, dailyLimit, quantity, price, isSold) values (233, 'Cheese - Woolwich Goat, Log', 2, 812, 5, 29.04, false);
insert into Foods (foodId, name, restaurantId, dailyLimit, quantity, price, isSold) values (234, 'Milk 2% 500 Ml', 24, 707, 60, 48.75, false);
insert into Foods (foodId, name, restaurantId, dailyLimit, quantity, price, isSold) values (235, 'Corn - On The Cob', 9, 373, 20, 13.26, false);
insert into Foods (foodId, name, restaurantId, dailyLimit, quantity, price, isSold) values (236, 'Liqueur Banana, Ramazzotti', 6, 862, 481, 9.57, false);
insert into Foods (foodId, name, restaurantId, dailyLimit, quantity, price, isSold) values (237, 'Bar - Granola Trail Mix Fruit Nut', 17, 937, 425, 30.65, false);
insert into Foods (foodId, name, restaurantId, dailyLimit, quantity, price, isSold) values (238, 'Cheese - Le Cru Du Clocher', 16, 818, 301, 11.89, false);
insert into Foods (foodId, name, restaurantId, dailyLimit, quantity, price, isSold) values (239, 'Cumin - Whole', 19, 495, 237, 37.31, false);
insert into Foods (foodId, name, restaurantId, dailyLimit, quantity, price, isSold) values (240, 'Muffins - Assorted', 12, 788, 245, 8.15, false);
insert into Foods (foodId, name, restaurantId, dailyLimit, quantity, price, isSold) values (241, 'Rice - Wild', 10, 325, 14, 27.69, false);
insert into Foods (foodId, name, restaurantId, dailyLimit, quantity, price, isSold) values (242, 'Wine - Tio Pepe Sherry Fino', 2, 625, 227, 29.12, false);
insert into Foods (foodId, name, restaurantId, dailyLimit, quantity, price, isSold) values (243, 'Blueberries - Frozen', 9, 548, 198, 35.0, false);
insert into Foods (foodId, name, restaurantId, dailyLimit, quantity, price, isSold) values (244, 'Chinese Foods - Cantonese', 25, 349, 254, 37.67, false);
insert into Foods (foodId, name, restaurantId, dailyLimit, quantity, price, isSold) values (245, 'Anisette - Mcguiness', 25, 342, 119, 13.29, false);
insert into Foods (foodId, name, restaurantId, dailyLimit, quantity, price, isSold) values (246, 'Plate Pie Foil', 6, 404, 296, 47.6, false);
insert into Foods (foodId, name, restaurantId, dailyLimit, quantity, price, isSold) values (247, 'Chef Hat 20cm', 14, 544, 213, 28.45, false);
insert into Foods (foodId, name, restaurantId, dailyLimit, quantity, price, isSold) values (248, 'Fondant - Icing', 8, 630, 611, 15.17, false);
insert into Foods (foodId, name, restaurantId, dailyLimit, quantity, price, isSold) values (249, 'Ecolab - Hobart Upr Prewash Arm', 15, 747, 432, 44.61, false);
insert into Foods (foodId, name, restaurantId, dailyLimit, quantity, price, isSold) values (250, 'Creme De Banane - Marie', 5, 845, 551, 32.85, false);
insert into Foods (foodId, name, restaurantId, dailyLimit, quantity, price, isSold) values (251, 'Beer - Moosehead', 19, 705, 412, 49.55, false);
insert into Foods (foodId, name, restaurantId, dailyLimit, quantity, price, isSold) values (252, 'Sea Urchin', 7, 850, 814, 31.46, false);
insert into Foods (foodId, name, restaurantId, dailyLimit, quantity, price, isSold) values (253, 'Ice Cream Bar - Oreo Cone', 9, 787, 711, 44.08, false);
insert into Foods (foodId, name, restaurantId, dailyLimit, quantity, price, isSold) values (254, 'Doilies - 8, Paper', 12, 804, 544, 33.57, false);
insert into Foods (foodId, name, restaurantId, dailyLimit, quantity, price, isSold) values (255, 'Gatorade - Xfactor Berry', 20, 399, 62, 22.81, false);
insert into Foods (foodId, name, restaurantId, dailyLimit, quantity, price, isSold) values (256, 'Crab - Soft Shell', 10, 905, 700, 29.86, false);
insert into Foods (foodId, name, restaurantId, dailyLimit, quantity, price, isSold) values (257, 'Beef - Roasted, Cooked', 17, 747, 48, 46.06, false);
insert into Foods (foodId, name, restaurantId, dailyLimit, quantity, price, isSold) values (258, 'Wine - Chardonnay South', 7, 660, 465, 10.77, false);
insert into Foods (foodId, name, restaurantId, dailyLimit, quantity, price, isSold) values (259, 'Oil - Truffle, Black', 20, 640, 284, 31.17, false);
insert into Foods (foodId, name, restaurantId, dailyLimit, quantity, price, isSold) values (260, 'Syrup - Monin - Blue Curacao', 23, 675, 324, 43.7, false);
insert into Foods (foodId, name, restaurantId, dailyLimit, quantity, price, isSold) values (261, 'Dried Figs', 18, 581, 201, 8.7, false);
insert into Foods (foodId, name, restaurantId, dailyLimit, quantity, price, isSold) values (262, 'Lamb - Bones', 9, 483, 383, 18.11, false);
insert into Foods (foodId, name, restaurantId, dailyLimit, quantity, price, isSold) values (263, 'Soup - Campbells - Tomato', 6, 898, 9, 37.3, false);
insert into Foods (foodId, name, restaurantId, dailyLimit, quantity, price, isSold) values (264, 'Pumpkin', 16, 330, 198, 32.48, false);
insert into Foods (foodId, name, restaurantId, dailyLimit, quantity, price, isSold) values (265, 'Pastry - Baked Cinnamon Stick', 18, 613, 168, 7.32, false);
insert into Foods (foodId, name, restaurantId, dailyLimit, quantity, price, isSold) values (266, 'Orange Roughy 4/6 Oz', 20, 464, 64, 34.31, false);
insert into Foods (foodId, name, restaurantId, dailyLimit, quantity, price, isSold) values (267, 'Steel Wool S.o.s', 21, 335, 97, 18.18, false);
insert into Foods (foodId, name, restaurantId, dailyLimit, quantity, price, isSold) values (268, 'Pineapple - Canned, Rings', 23, 418, 96, 38.08, false);
insert into Foods (foodId, name, restaurantId, dailyLimit, quantity, price, isSold) values (269, 'Lettuce - Curly Endive', 4, 818, 9, 37.58, false);
insert into Foods (foodId, name, restaurantId, dailyLimit, quantity, price, isSold) values (270, 'Cheese - Le Cheve Noir', 20, 710, 669, 30.01, false);
insert into Foods (foodId, name, restaurantId, dailyLimit, quantity, price, isSold) values (271, 'Onions - Cippolini', 1, 882, 553, 45.98, false);
insert into Foods (foodId, name, restaurantId, dailyLimit, quantity, price, isSold) values (272, 'Artichokes - Knobless, White', 18, 977, 864, 9.01, false);
insert into Foods (foodId, name, restaurantId, dailyLimit, quantity, price, isSold) values (273, 'Chicken - Ground', 1, 660, 486, 45.39, false);
insert into Foods (foodId, name, restaurantId, dailyLimit, quantity, price, isSold) values (274, 'Sauce - Caesar Dressing', 9, 407, 299, 10.41, false);
insert into Foods (foodId, name, restaurantId, dailyLimit, quantity, price, isSold) values (275, 'Beets - Mini Golden', 17, 339, 138, 10.77, false);
insert into Foods (foodId, name, restaurantId, dailyLimit, quantity, price, isSold) values (276, 'Gatorade - Xfactor Berry', 11, 441, 313, 18.03, false);
insert into Foods (foodId, name, restaurantId, dailyLimit, quantity, price, isSold) values (277, 'Towel - Roll White', 24, 399, 120, 28.76, false);
insert into Foods (foodId, name, restaurantId, dailyLimit, quantity, price, isSold) values (278, 'Thermometer Digital', 25, 606, 494, 37.09, false);
insert into Foods (foodId, name, restaurantId, dailyLimit, quantity, price, isSold) values (279, 'Dried Figs', 1, 443, 384, 26.94, false);
insert into Foods (foodId, name, restaurantId, dailyLimit, quantity, price, isSold) values (280, 'Pan Grease', 18, 559, 242, 33.91, false);
insert into Foods (foodId, name, restaurantId, dailyLimit, quantity, price, isSold) values (281, 'Lobster - Cooked', 13, 667, 515, 25.45, false);
insert into Foods (foodId, name, restaurantId, dailyLimit, quantity, price, isSold) values (282, 'Table Cloth 81x81 White', 7, 963, 148, 43.45, false);
insert into Foods (foodId, name, restaurantId, dailyLimit, quantity, price, isSold) values (283, 'Sherry - Dry', 12, 639, 513, 44.79, false);
insert into Foods (foodId, name, restaurantId, dailyLimit, quantity, price, isSold) values (284, 'Initation Crab Meat', 12, 973, 200, 15.9, false);
insert into Foods (foodId, name, restaurantId, dailyLimit, quantity, price, isSold) values (285, 'Bar Mix - Pina Colada, 355 Ml', 14, 702, 110, 12.12, false);
insert into Foods (foodId, name, restaurantId, dailyLimit, quantity, price, isSold) values (286, 'Truffle Cups - Red', 17, 598, 400, 28.46, false);
insert into Foods (foodId, name, restaurantId, dailyLimit, quantity, price, isSold) values (287, 'Cheese - Goat With Herbs', 7, 478, 229, 15.92, false);
insert into Foods (foodId, name, restaurantId, dailyLimit, quantity, price, isSold) values (288, 'Irish Cream - Butterscotch', 25, 924, 433, 13.16, false);
insert into Foods (foodId, name, restaurantId, dailyLimit, quantity, price, isSold) values (289, 'Spinach - Frozen', 19, 507, 48, 16.52, false);
insert into Foods (foodId, name, restaurantId, dailyLimit, quantity, price, isSold) values (290, 'Marzipan 50/50', 7, 976, 562, 22.01, false);
insert into Foods (foodId, name, restaurantId, dailyLimit, quantity, price, isSold) values (291, 'Bread Fig And Almond', 19, 896, 862, 44.53, false);
insert into Foods (foodId, name, restaurantId, dailyLimit, quantity, price, isSold) values (292, 'Sultanas', 3, 549, 7, 47.7, false);
insert into Foods (foodId, name, restaurantId, dailyLimit, quantity, price, isSold) values (293, 'Pork - Shoulder', 2, 309, 35, 11.7, false);
insert into Foods (foodId, name, restaurantId, dailyLimit, quantity, price, isSold) values (294, 'Tea - Earl Grey', 12, 914, 443, 10.44, false);
insert into Foods (foodId, name, restaurantId, dailyLimit, quantity, price, isSold) values (295, 'Mix - Cocktail Ice Cream', 12, 588, 65, 25.23, false);
insert into Foods (foodId, name, restaurantId, dailyLimit, quantity, price, isSold) values (296, 'Bread - Petit Baguette', 3, 482, 346, 38.9, false);
insert into Foods (foodId, name, restaurantId, dailyLimit, quantity, price, isSold) values (297, 'Hipnotiq Liquor', 7, 596, 58, 10.35, false);
insert into Foods (foodId, name, restaurantId, dailyLimit, quantity, price, isSold) values (298, 'Higashimaru Usukuchi Soy', 20, 997, 55, 27.37, false);
insert into Foods (foodId, name, restaurantId, dailyLimit, quantity, price, isSold) values (299, 'Chocolate - Pistoles, Lactee, Milk', 3, 529, 486, 25.56, false);
insert into Foods (foodId, name, restaurantId, dailyLimit, quantity, price, isSold) values (300, 'Trout Rainbow Whole', 9, 725, 608, 43.5, false);
insert into Foods (foodId, name, restaurantId, dailyLimit, quantity, price, isSold) values (301, 'Venison - Denver Leg Boneless', 2, 461, 393, 6.77, false);
insert into Foods (foodId, name, restaurantId, dailyLimit, quantity, price, isSold) values (302, 'Eggplant - Baby', 19, 750, 706, 44.7, false);
insert into Foods (foodId, name, restaurantId, dailyLimit, quantity, price, isSold) values (303, 'Cheese - Boursin, Garlic / Herbs', 16, 785, 366, 22.28, false);
insert into Foods (foodId, name, restaurantId, dailyLimit, quantity, price, isSold) values (304, 'English Muffin', 3, 987, 289, 48.62, false);
insert into Foods (foodId, name, restaurantId, dailyLimit, quantity, price, isSold) values (305, 'Cheese - Brie,danish', 18, 576, 258, 28.97, false);
insert into Foods (foodId, name, restaurantId, dailyLimit, quantity, price, isSold) values (306, 'Jicama', 16, 750, 61, 33.92, false);
insert into Foods (foodId, name, restaurantId, dailyLimit, quantity, price, isSold) values (307, 'Soup - Campbells, Beef Barley', 18, 502, 175, 46.27, false);
insert into Foods (foodId, name, restaurantId, dailyLimit, quantity, price, isSold) values (308, 'Salmon - Whole, 4 - 6 Pounds', 10, 626, 619, 43.24, false);
insert into Foods (foodId, name, restaurantId, dailyLimit, quantity, price, isSold) values (309, 'Cod - Salted, Boneless', 4, 880, 442, 44.82, false);
insert into Foods (foodId, name, restaurantId, dailyLimit, quantity, price, isSold) values (310, 'Bread - Granary Small Pull', 22, 667, 47, 44.79, false);
insert into Foods (foodId, name, restaurantId, dailyLimit, quantity, price, isSold) values (311, 'Beef - Roasted, Cooked', 25, 732, 272, 14.35, false);
insert into Foods (foodId, name, restaurantId, dailyLimit, quantity, price, isSold) values (312, 'Bread Country Roll', 18, 510, 449, 8.51, false);
insert into Foods (foodId, name, restaurantId, dailyLimit, quantity, price, isSold) values (313, 'Jam - Raspberry,jar', 14, 429, 146, 18.46, false);
insert into Foods (foodId, name, restaurantId, dailyLimit, quantity, price, isSold) values (314, 'Pork Salted Bellies', 12, 894, 254, 41.79, false);
insert into Foods (foodId, name, restaurantId, dailyLimit, quantity, price, isSold) values (315, 'Pasta - Gnocchi, Potato', 6, 561, 482, 43.53, false);
insert into Foods (foodId, name, restaurantId, dailyLimit, quantity, price, isSold) values (316, 'Cookies Cereal Nut', 18, 933, 24, 33.72, false);
insert into Foods (foodId, name, restaurantId, dailyLimit, quantity, price, isSold) values (317, 'Carbonated Water - Orange', 12, 954, 800, 42.35, false);
insert into Foods (foodId, name, restaurantId, dailyLimit, quantity, price, isSold) values (318, 'Eggplant - Asian', 15, 824, 92, 30.52, false);
insert into Foods (foodId, name, restaurantId, dailyLimit, quantity, price, isSold) values (319, 'Snapple - Iced Tea Peach', 4, 458, 283, 14.74, false);
insert into Foods (foodId, name, restaurantId, dailyLimit, quantity, price, isSold) values (320, 'Pork - Backs - Boneless', 3, 832, 63, 28.43, false);
insert into Foods (foodId, name, restaurantId, dailyLimit, quantity, price, isSold) values (321, 'Flower - Carnations', 1, 553, 268, 28.18, false);
insert into Foods (foodId, name, restaurantId, dailyLimit, quantity, price, isSold) values (322, 'Cheese - Romano, Grated', 21, 467, 162, 10.7, false);
insert into Foods (foodId, name, restaurantId, dailyLimit, quantity, price, isSold) values (323, 'Table Cloth 81x81 Colour', 2, 936, 572, 25.94, false);
insert into Foods (foodId, name, restaurantId, dailyLimit, quantity, price, isSold) values (324, 'Sobe - Green Tea', 19, 981, 172, 39.78, false);
insert into Foods (foodId, name, restaurantId, dailyLimit, quantity, price, isSold) values (325, 'Kolrabi', 20, 737, 398, 24.7, false);
insert into Foods (foodId, name, restaurantId, dailyLimit, quantity, price, isSold) values (326, 'Wine - Magnotta - Belpaese', 16, 982, 402, 40.62, false);
insert into Foods (foodId, name, restaurantId, dailyLimit, quantity, price, isSold) values (327, 'Cheese - La Sauvagine', 23, 938, 237, 30.0, false);
insert into Foods (foodId, name, restaurantId, dailyLimit, quantity, price, isSold) values (328, 'Hold Up Tool Storage Rack', 7, 699, 491, 37.75, false);
insert into Foods (foodId, name, restaurantId, dailyLimit, quantity, price, isSold) values (329, 'Bouillion - Fish', 13, 694, 298, 27.55, false);
insert into Foods (foodId, name, restaurantId, dailyLimit, quantity, price, isSold) values (330, 'French Pastry - Mini Chocolate', 6, 561, 348, 29.41, false);
insert into Foods (foodId, name, restaurantId, dailyLimit, quantity, price, isSold) values (331, 'Wine - Cotes Du Rhone Parallele', 19, 593, 444, 46.34, false);
insert into Foods (foodId, name, restaurantId, dailyLimit, quantity, price, isSold) values (332, 'Lemonade - Kiwi, 591 Ml', 3, 769, 627, 19.81, false);
insert into Foods (foodId, name, restaurantId, dailyLimit, quantity, price, isSold) values (333, 'Wine - Chianti Classica Docg', 6, 389, 195, 31.92, false);
insert into Foods (foodId, name, restaurantId, dailyLimit, quantity, price, isSold) values (334, 'Capicola - Hot', 12, 483, 350, 39.45, false);
insert into Foods (foodId, name, restaurantId, dailyLimit, quantity, price, isSold) values (335, 'Glucose', 3, 604, 574, 46.78, false);
insert into Foods (foodId, name, restaurantId, dailyLimit, quantity, price, isSold) values (336, 'Piping Jelly - All Colours', 25, 492, 450, 15.61, false);
insert into Foods (foodId, name, restaurantId, dailyLimit, quantity, price, isSold) values (337, 'Veal - Leg', 13, 319, 315, 34.71, false);
insert into Foods (foodId, name, restaurantId, dailyLimit, quantity, price, isSold) values (338, 'Olive - Spread Tapenade', 25, 431, 127, 37.73, false);
insert into Foods (foodId, name, restaurantId, dailyLimit, quantity, price, isSold) values (339, 'Anisette - Mcguiness', 24, 431, 199, 39.68, false);
insert into Foods (foodId, name, restaurantId, dailyLimit, quantity, price, isSold) values (340, 'Figs', 25, 432, 106, 48.78, false);
insert into Foods (foodId, name, restaurantId, dailyLimit, quantity, price, isSold) values (341, 'Tart Shells - Sweet, 3', 13, 628, 509, 20.35, false);
insert into Foods (foodId, name, restaurantId, dailyLimit, quantity, price, isSold) values (342, 'Shrimp - Baby, Warm Water', 3, 505, 496, 39.48, false);
insert into Foods (foodId, name, restaurantId, dailyLimit, quantity, price, isSold) values (343, 'Wild Boar - Tenderloin', 18, 574, 271, 33.6, false);
insert into Foods (foodId, name, restaurantId, dailyLimit, quantity, price, isSold) values (344, 'Samosa - Veg', 18, 911, 813, 13.74, false);
insert into Foods (foodId, name, restaurantId, dailyLimit, quantity, price, isSold) values (345, 'Seedlings - Buckwheat, Organic', 24, 379, 25, 48.39, false);
insert into Foods (foodId, name, restaurantId, dailyLimit, quantity, price, isSold) values (346, 'Foam Dinner Plate', 20, 779, 281, 8.11, false);
insert into Foods (foodId, name, restaurantId, dailyLimit, quantity, price, isSold) values (347, 'Magnotta Bel Paese Red', 14, 653, 168, 37.07, false);
insert into Foods (foodId, name, restaurantId, dailyLimit, quantity, price, isSold) values (348, 'Muffin - Mix - Mango Sour Cherry', 3, 751, 223, 44.6, false);
insert into Foods (foodId, name, restaurantId, dailyLimit, quantity, price, isSold) values (349, 'Muffin Hinge Container 6', 6, 964, 656, 45.15, false);
insert into Foods (foodId, name, restaurantId, dailyLimit, quantity, price, isSold) values (350, 'Water - Green Tea Refresher', 21, 998, 592, 35.52, false);
insert into Foods (foodId, name, restaurantId, dailyLimit, quantity, price, isSold) values (351, 'Sole - Iqf', 21, 454, 91, 41.34, false);
insert into Foods (foodId, name, restaurantId, dailyLimit, quantity, price, isSold) values (352, 'Truffle Paste', 8, 665, 154, 21.83, false);
insert into Foods (foodId, name, restaurantId, dailyLimit, quantity, price, isSold) values (353, 'Ham - Virginia', 24, 720, 374, 31.23, false);
insert into Foods (foodId, name, restaurantId, dailyLimit, quantity, price, isSold) values (354, 'Wine - Alsace Riesling Reserve', 21, 443, 349, 44.87, false);
insert into Foods (foodId, name, restaurantId, dailyLimit, quantity, price, isSold) values (355, 'Soupfoamcont12oz 112con', 9, 590, 168, 36.93, false);
insert into Foods (foodId, name, restaurantId, dailyLimit, quantity, price, isSold) values (356, 'Truffle Shells - White Chocolate', 23, 673, 668, 7.53, false);
insert into Foods (foodId, name, restaurantId, dailyLimit, quantity, price, isSold) values (357, 'Chicken - Thigh, Bone In', 14, 915, 810, 45.37, false);
insert into Foods (foodId, name, restaurantId, dailyLimit, quantity, price, isSold) values (358, 'Veal - Bones', 24, 769, 582, 41.23, false);
insert into Foods (foodId, name, restaurantId, dailyLimit, quantity, price, isSold) values (359, 'Cinnamon Buns Sticky', 4, 842, 101, 35.07, false);
insert into Foods (foodId, name, restaurantId, dailyLimit, quantity, price, isSold) values (360, 'Anisette - Mcguiness', 19, 301, 120, 44.38, false);
insert into Foods (foodId, name, restaurantId, dailyLimit, quantity, price, isSold) values (361, 'Sauce - Demi Glace', 9, 367, 114, 40.02, false);
insert into Foods (foodId, name, restaurantId, dailyLimit, quantity, price, isSold) values (362, 'Sauce - Gravy, Au Jus, Mix', 18, 828, 792, 47.56, false);
insert into Foods (foodId, name, restaurantId, dailyLimit, quantity, price, isSold) values (363, 'Chips - Doritos', 16, 898, 471, 22.41, false);
insert into Foods (foodId, name, restaurantId, dailyLimit, quantity, price, isSold) values (364, 'Pastry - Trippleberry Muffin - Mini', 6, 867, 283, 6.53, false);
insert into Foods (foodId, name, restaurantId, dailyLimit, quantity, price, isSold) values (365, 'Flavouring - Orange', 9, 952, 522, 38.85, false);
insert into Foods (foodId, name, restaurantId, dailyLimit, quantity, price, isSold) values (366, 'Oil - Olive Bertolli', 12, 447, 252, 44.81, false);
insert into Foods (foodId, name, restaurantId, dailyLimit, quantity, price, isSold) values (367, 'Soup - Clam Chowder, Dry Mix', 3, 380, 53, 22.42, false);
insert into Foods (foodId, name, restaurantId, dailyLimit, quantity, price, isSold) values (368, 'Beef - Tongue, Fresh', 16, 523, 484, 15.79, false);
insert into Foods (foodId, name, restaurantId, dailyLimit, quantity, price, isSold) values (369, 'Blueberries', 5, 899, 612, 42.01, false);
insert into Foods (foodId, name, restaurantId, dailyLimit, quantity, price, isSold) values (370, 'Ostrich - Fan Fillet', 20, 901, 561, 27.7, false);
insert into Foods (foodId, name, restaurantId, dailyLimit, quantity, price, isSold) values (371, 'Baking Powder', 3, 899, 500, 48.05, false);
insert into Foods (foodId, name, restaurantId, dailyLimit, quantity, price, isSold) values (372, 'Cheese - Romano, Grated', 22, 547, 112, 5.53, false);
insert into Foods (foodId, name, restaurantId, dailyLimit, quantity, price, isSold) values (373, 'Jicama', 15, 384, 52, 22.29, false);
insert into Foods (foodId, name, restaurantId, dailyLimit, quantity, price, isSold) values (374, 'Salmon Steak - Cohoe 8 Oz', 15, 951, 479, 13.44, false);
insert into Foods (foodId, name, restaurantId, dailyLimit, quantity, price, isSold) values (375, 'Syrup - Monin - Granny Smith', 10, 897, 859, 11.82, false);
insert into Foods (foodId, name, restaurantId, dailyLimit, quantity, price, isSold) values (376, 'Quail - Whole, Boneless', 23, 818, 110, 15.82, false);
insert into Foods (foodId, name, restaurantId, dailyLimit, quantity, price, isSold) values (377, 'Wine - Jackson Triggs Okonagan', 15, 412, 410, 18.87, false);
insert into Foods (foodId, name, restaurantId, dailyLimit, quantity, price, isSold) values (378, 'Tea - Earl Grey', 24, 931, 522, 21.45, false);
insert into Foods (foodId, name, restaurantId, dailyLimit, quantity, price, isSold) values (379, 'Pasta - Cannelloni, Sheets, Fresh', 3, 965, 699, 15.28, false);
insert into Foods (foodId, name, restaurantId, dailyLimit, quantity, price, isSold) values (380, 'Jello - Assorted', 18, 934, 210, 46.09, false);
insert into Foods (foodId, name, restaurantId, dailyLimit, quantity, price, isSold) values (381, 'Lamb - Shanks', 2, 645, 27, 26.52, false);
insert into Foods (foodId, name, restaurantId, dailyLimit, quantity, price, isSold) values (382, 'Island Oasis - Sweet And Sour Mix', 1, 684, 654, 29.89, false);
insert into Foods (foodId, name, restaurantId, dailyLimit, quantity, price, isSold) values (383, 'Muffin - Banana Nut Individual', 18, 399, 79, 16.49, false);
insert into Foods (foodId, name, restaurantId, dailyLimit, quantity, price, isSold) values (384, 'Quail - Eggs, Fresh', 17, 854, 197, 28.35, false);
insert into Foods (foodId, name, restaurantId, dailyLimit, quantity, price, isSold) values (385, 'Mix - Cocktail Ice Cream', 9, 601, 5, 25.59, false);
insert into Foods (foodId, name, restaurantId, dailyLimit, quantity, price, isSold) values (386, 'Glass Clear 7 Oz Xl', 8, 694, 92, 46.13, false);
insert into Foods (foodId, name, restaurantId, dailyLimit, quantity, price, isSold) values (387, 'Breadfruit', 16, 939, 713, 5.41, false);
insert into Foods (foodId, name, restaurantId, dailyLimit, quantity, price, isSold) values (388, 'Chef Hat 25cm', 18, 490, 136, 48.91, false);
insert into Foods (foodId, name, restaurantId, dailyLimit, quantity, price, isSold) values (389, 'Sesame Seed Black', 15, 623, 494, 34.31, false);
insert into Foods (foodId, name, restaurantId, dailyLimit, quantity, price, isSold) values (390, 'Plums - Red', 24, 656, 500, 33.45, false);
insert into Foods (foodId, name, restaurantId, dailyLimit, quantity, price, isSold) values (391, 'Ice Cream Bar - Rolo Cone', 22, 419, 212, 19.71, false);
insert into Foods (foodId, name, restaurantId, dailyLimit, quantity, price, isSold) values (392, 'Bacon Strip Precooked', 8, 863, 204, 19.79, false);
insert into Foods (foodId, name, restaurantId, dailyLimit, quantity, price, isSold) values (393, 'Cake Circle, Foil, Scallop', 7, 921, 772, 41.91, false);
insert into Foods (foodId, name, restaurantId, dailyLimit, quantity, price, isSold) values (394, 'Broom - Corn', 14, 570, 71, 29.09, false);
insert into Foods (foodId, name, restaurantId, dailyLimit, quantity, price, isSold) values (395, 'Spice - Peppercorn Melange', 20, 528, 135, 6.25, false);
insert into Foods (foodId, name, restaurantId, dailyLimit, quantity, price, isSold) values (396, 'Sping Loaded Cup Dispenser', 3, 795, 392, 12.52, false);
insert into Foods (foodId, name, restaurantId, dailyLimit, quantity, price, isSold) values (397, 'Chicken - Bones', 11, 588, 32, 36.62, false);
insert into Foods (foodId, name, restaurantId, dailyLimit, quantity, price, isSold) values (398, 'Sambuca Cream', 10, 438, 353, 11.55, false);
insert into Foods (foodId, name, restaurantId, dailyLimit, quantity, price, isSold) values (399, 'Olive - Spread Tapenade', 21, 426, 423, 20.41, false);
insert into Foods (foodId, name, restaurantId, dailyLimit, quantity, price, isSold) values (400, 'Pork - Side Ribs', 1, 698, 217, 37.81, false);


/*FOOD CATEGORIES DB*/
insert into FoodCategories (fcid, foodId, category) values (1, 1, 'Beauty');
insert into FoodCategories (fcid, foodId, category) values (2, 2, 'Electronics');
insert into FoodCategories (fcid, foodId, category) values (3, 3, 'Shoes');
insert into FoodCategories (fcid, foodId, category) values (4, 4, 'Movies');
insert into FoodCategories (fcid, foodId, category) values (5, 5, 'Beauty');
insert into FoodCategories (fcid, foodId, category) values (6, 6, 'Jewelery');
insert into FoodCategories (fcid, foodId, category) values (7, 7, 'Music');
insert into FoodCategories (fcid, foodId, category) values (8, 8, 'Books');
insert into FoodCategories (fcid, foodId, category) values (9, 9, 'Shoes');
insert into FoodCategories (fcid, foodId, category) values (10, 10, 'Outdoors');
insert into FoodCategories (fcid, foodId, category) values (11, 11, 'Toys');
insert into FoodCategories (fcid, foodId, category) values (12, 12, 'Games');
insert into FoodCategories (fcid, foodId, category) values (13, 13, 'Music');
insert into FoodCategories (fcid, foodId, category) values (14, 14, 'Electronics');
insert into FoodCategories (fcid, foodId, category) values (15, 15, 'Sports');
insert into FoodCategories (fcid, foodId, category) values (16, 16, 'Music');
insert into FoodCategories (fcid, foodId, category) values (17, 17, 'Grocery');
insert into FoodCategories (fcid, foodId, category) values (18, 18, 'Shoes');
insert into FoodCategories (fcid, foodId, category) values (19, 19, 'Shoes');
insert into FoodCategories (fcid, foodId, category) values (20, 20, 'Beauty');
insert into FoodCategories (fcid, foodId, category) values (21, 21, 'Electronics');
insert into FoodCategories (fcid, foodId, category) values (22, 22, 'Music');
insert into FoodCategories (fcid, foodId, category) values (23, 23, 'Baby');
insert into FoodCategories (fcid, foodId, category) values (24, 24, 'Automotive');
insert into FoodCategories (fcid, foodId, category) values (25, 25, 'Beauty');
insert into FoodCategories (fcid, foodId, category) values (26, 26, 'Health');
insert into FoodCategories (fcid, foodId, category) values (27, 27, 'Movies');
insert into FoodCategories (fcid, foodId, category) values (28, 28, 'Shoes');
insert into FoodCategories (fcid, foodId, category) values (29, 29, 'Garden');
insert into FoodCategories (fcid, foodId, category) values (30, 30, 'Grocery');
insert into FoodCategories (fcid, foodId, category) values (31, 31, 'Toys');
insert into FoodCategories (fcid, foodId, category) values (32, 32, 'Clothing');
insert into FoodCategories (fcid, foodId, category) values (33, 33, 'Clothing');
insert into FoodCategories (fcid, foodId, category) values (34, 34, 'Automotive');
insert into FoodCategories (fcid, foodId, category) values (35, 35, 'Home');
insert into FoodCategories (fcid, foodId, category) values (36, 36, 'Toys');
insert into FoodCategories (fcid, foodId, category) values (37, 37, 'Shoes');
insert into FoodCategories (fcid, foodId, category) values (38, 38, 'Baby');
insert into FoodCategories (fcid, foodId, category) values (39, 39, 'Jewelery');
insert into FoodCategories (fcid, foodId, category) values (40, 40, 'Home');
insert into FoodCategories (fcid, foodId, category) values (41, 41, 'Movies');
insert into FoodCategories (fcid, foodId, category) values (42, 42, 'Tools');
insert into FoodCategories (fcid, foodId, category) values (43, 43, 'Grocery');
insert into FoodCategories (fcid, foodId, category) values (44, 44, 'Clothing');
insert into FoodCategories (fcid, foodId, category) values (45, 45, 'Baby');
insert into FoodCategories (fcid, foodId, category) values (46, 46, 'Garden');
insert into FoodCategories (fcid, foodId, category) values (47, 47, 'Garden');
insert into FoodCategories (fcid, foodId, category) values (48, 48, 'Books');
insert into FoodCategories (fcid, foodId, category) values (49, 49, 'Toys');
insert into FoodCategories (fcid, foodId, category) values (50, 50, 'Books');
insert into FoodCategories (fcid, foodId, category) values (51, 51, 'Music');
insert into FoodCategories (fcid, foodId, category) values (52, 52, 'Industrial');
insert into FoodCategories (fcid, foodId, category) values (53, 53, 'Garden');
insert into FoodCategories (fcid, foodId, category) values (54, 54, 'Clothing');
insert into FoodCategories (fcid, foodId, category) values (55, 55, 'Tools');
insert into FoodCategories (fcid, foodId, category) values (56, 56, 'Clothing');
insert into FoodCategories (fcid, foodId, category) values (57, 57, 'Sports');
insert into FoodCategories (fcid, foodId, category) values (58, 58, 'Grocery');
insert into FoodCategories (fcid, foodId, category) values (59, 59, 'Movies');
insert into FoodCategories (fcid, foodId, category) values (60, 60, 'Outdoors');
insert into FoodCategories (fcid, foodId, category) values (61, 61, 'Home');
insert into FoodCategories (fcid, foodId, category) values (62, 62, 'Toys');
insert into FoodCategories (fcid, foodId, category) values (63, 63, 'Books');
insert into FoodCategories (fcid, foodId, category) values (64, 64, 'Garden');
insert into FoodCategories (fcid, foodId, category) values (65, 65, 'Health');
insert into FoodCategories (fcid, foodId, category) values (66, 66, 'Kids');
insert into FoodCategories (fcid, foodId, category) values (67, 67, 'Outdoors');
insert into FoodCategories (fcid, foodId, category) values (68, 68, 'Clothing');
insert into FoodCategories (fcid, foodId, category) values (69, 69, 'Jewelery');
insert into FoodCategories (fcid, foodId, category) values (70, 70, 'Clothing');
insert into FoodCategories (fcid, foodId, category) values (71, 71, 'Kids');
insert into FoodCategories (fcid, foodId, category) values (72, 72, 'Home');
insert into FoodCategories (fcid, foodId, category) values (73, 73, 'Industrial');
insert into FoodCategories (fcid, foodId, category) values (74, 74, 'Music');
insert into FoodCategories (fcid, foodId, category) values (75, 75, 'Clothing');
insert into FoodCategories (fcid, foodId, category) values (76, 76, 'Clothing');
insert into FoodCategories (fcid, foodId, category) values (77, 77, 'Outdoors');
insert into FoodCategories (fcid, foodId, category) values (78, 78, 'Shoes');
insert into FoodCategories (fcid, foodId, category) values (79, 79, 'Computers');
insert into FoodCategories (fcid, foodId, category) values (80, 80, 'Tools');
insert into FoodCategories (fcid, foodId, category) values (81, 81, 'Sports');
insert into FoodCategories (fcid, foodId, category) values (82, 82, 'Tools');
insert into FoodCategories (fcid, foodId, category) values (83, 83, 'Grocery');
insert into FoodCategories (fcid, foodId, category) values (84, 84, 'Movies');
insert into FoodCategories (fcid, foodId, category) values (85, 85, 'Outdoors');
insert into FoodCategories (fcid, foodId, category) values (86, 86, 'Kids');
insert into FoodCategories (fcid, foodId, category) values (87, 87, 'Sports');
insert into FoodCategories (fcid, foodId, category) values (88, 88, 'Automotive');
insert into FoodCategories (fcid, foodId, category) values (89, 89, 'Tools');
insert into FoodCategories (fcid, foodId, category) values (90, 90, 'Books');
insert into FoodCategories (fcid, foodId, category) values (91, 91, 'Toys');
insert into FoodCategories (fcid, foodId, category) values (92, 92, 'Automotive');
insert into FoodCategories (fcid, foodId, category) values (93, 93, 'Shoes');
insert into FoodCategories (fcid, foodId, category) values (94, 94, 'Toys');
insert into FoodCategories (fcid, foodId, category) values (95, 95, 'Kids');
insert into FoodCategories (fcid, foodId, category) values (96, 96, 'Kids');
insert into FoodCategories (fcid, foodId, category) values (97, 97, 'Clothing');
insert into FoodCategories (fcid, foodId, category) values (98, 98, 'Computers');
insert into FoodCategories (fcid, foodId, category) values (99, 99, 'Jewelery');
insert into FoodCategories (fcid, foodId, category) values (100, 100, 'Industrial');
insert into FoodCategories (fcid, foodId, category) values (101, 101, 'Health');
insert into FoodCategories (fcid, foodId, category) values (102, 102, 'Outdoors');
insert into FoodCategories (fcid, foodId, category) values (103, 103, 'Sports');
insert into FoodCategories (fcid, foodId, category) values (104, 104, 'Music');
insert into FoodCategories (fcid, foodId, category) values (105, 105, 'Computers');
insert into FoodCategories (fcid, foodId, category) values (106, 106, 'Industrial');
insert into FoodCategories (fcid, foodId, category) values (107, 107, 'Clothing');
insert into FoodCategories (fcid, foodId, category) values (108, 108, 'Music');
insert into FoodCategories (fcid, foodId, category) values (109, 109, 'Automotive');
insert into FoodCategories (fcid, foodId, category) values (110, 110, 'Beauty');
insert into FoodCategories (fcid, foodId, category) values (111, 111, 'Baby');
insert into FoodCategories (fcid, foodId, category) values (112, 112, 'Home');
insert into FoodCategories (fcid, foodId, category) values (113, 113, 'Shoes');
insert into FoodCategories (fcid, foodId, category) values (114, 114, 'Clothing');
insert into FoodCategories (fcid, foodId, category) values (115, 115, 'Kids');
insert into FoodCategories (fcid, foodId, category) values (116, 116, 'Toys');
insert into FoodCategories (fcid, foodId, category) values (117, 117, 'Computers');
insert into FoodCategories (fcid, foodId, category) values (118, 118, 'Electronics');
insert into FoodCategories (fcid, foodId, category) values (119, 119, 'Baby');
insert into FoodCategories (fcid, foodId, category) values (120, 120, 'Electronics');
insert into FoodCategories (fcid, foodId, category) values (121, 121, 'Movies');
insert into FoodCategories (fcid, foodId, category) values (122, 122, 'Computers');
insert into FoodCategories (fcid, foodId, category) values (123, 123, 'Home');
insert into FoodCategories (fcid, foodId, category) values (124, 124, 'Baby');
insert into FoodCategories (fcid, foodId, category) values (125, 125, 'Games');
insert into FoodCategories (fcid, foodId, category) values (126, 126, 'Outdoors');
insert into FoodCategories (fcid, foodId, category) values (127, 127, 'Kids');
insert into FoodCategories (fcid, foodId, category) values (128, 128, 'Tools');
insert into FoodCategories (fcid, foodId, category) values (129, 129, 'Baby');
insert into FoodCategories (fcid, foodId, category) values (130, 130, 'Sports');
insert into FoodCategories (fcid, foodId, category) values (131, 131, 'Clothing');
insert into FoodCategories (fcid, foodId, category) values (132, 132, 'Movies');
insert into FoodCategories (fcid, foodId, category) values (133, 133, 'Tools');
insert into FoodCategories (fcid, foodId, category) values (134, 134, 'Jewelery');
insert into FoodCategories (fcid, foodId, category) values (135, 135, 'Jewelery');
insert into FoodCategories (fcid, foodId, category) values (136, 136, 'Garden');
insert into FoodCategories (fcid, foodId, category) values (137, 137, 'Outdoors');
insert into FoodCategories (fcid, foodId, category) values (138, 138, 'Industrial');
insert into FoodCategories (fcid, foodId, category) values (139, 139, 'Automotive');
insert into FoodCategories (fcid, foodId, category) values (140, 140, 'Computers');
insert into FoodCategories (fcid, foodId, category) values (141, 141, 'Home');
insert into FoodCategories (fcid, foodId, category) values (142, 142, 'Outdoors');
insert into FoodCategories (fcid, foodId, category) values (143, 143, 'Music');
insert into FoodCategories (fcid, foodId, category) values (144, 144, 'Games');
insert into FoodCategories (fcid, foodId, category) values (145, 145, 'Movies');
insert into FoodCategories (fcid, foodId, category) values (146, 146, 'Sports');
insert into FoodCategories (fcid, foodId, category) values (147, 147, 'Computers');
insert into FoodCategories (fcid, foodId, category) values (148, 148, 'Industrial');
insert into FoodCategories (fcid, foodId, category) values (149, 149, 'Garden');
insert into FoodCategories (fcid, foodId, category) values (150, 150, 'Industrial');
insert into FoodCategories (fcid, foodId, category) values (151, 151, 'Automotive');
insert into FoodCategories (fcid, foodId, category) values (152, 152, 'Games');
insert into FoodCategories (fcid, foodId, category) values (153, 153, 'Automotive');
insert into FoodCategories (fcid, foodId, category) values (154, 154, 'Beauty');
insert into FoodCategories (fcid, foodId, category) values (155, 155, 'Shoes');
insert into FoodCategories (fcid, foodId, category) values (156, 156, 'Music');
insert into FoodCategories (fcid, foodId, category) values (157, 157, 'Kids');
insert into FoodCategories (fcid, foodId, category) values (158, 158, 'Sports');
insert into FoodCategories (fcid, foodId, category) values (159, 159, 'Tools');
insert into FoodCategories (fcid, foodId, category) values (160, 160, 'Computers');
insert into FoodCategories (fcid, foodId, category) values (161, 161, 'Electronics');
insert into FoodCategories (fcid, foodId, category) values (162, 162, 'Tools');
insert into FoodCategories (fcid, foodId, category) values (163, 163, 'Computers');
insert into FoodCategories (fcid, foodId, category) values (164, 164, 'Movies');
insert into FoodCategories (fcid, foodId, category) values (165, 165, 'Electronics');
insert into FoodCategories (fcid, foodId, category) values (166, 166, 'Shoes');
insert into FoodCategories (fcid, foodId, category) values (167, 167, 'Garden');
insert into FoodCategories (fcid, foodId, category) values (168, 168, 'Movies');
insert into FoodCategories (fcid, foodId, category) values (169, 169, 'Clothing');
insert into FoodCategories (fcid, foodId, category) values (170, 170, 'Music');
insert into FoodCategories (fcid, foodId, category) values (171, 171, 'Kids');
insert into FoodCategories (fcid, foodId, category) values (172, 172, 'Automotive');
insert into FoodCategories (fcid, foodId, category) values (173, 173, 'Kids');
insert into FoodCategories (fcid, foodId, category) values (174, 174, 'Games');
insert into FoodCategories (fcid, foodId, category) values (175, 175, 'Sports');
insert into FoodCategories (fcid, foodId, category) values (176, 176, 'Industrial');
insert into FoodCategories (fcid, foodId, category) values (177, 177, 'Home');
insert into FoodCategories (fcid, foodId, category) values (178, 178, 'Baby');
insert into FoodCategories (fcid, foodId, category) values (179, 179, 'Sports');
insert into FoodCategories (fcid, foodId, category) values (180, 180, 'Beauty');
insert into FoodCategories (fcid, foodId, category) values (181, 181, 'Books');
insert into FoodCategories (fcid, foodId, category) values (182, 182, 'Garden');
insert into FoodCategories (fcid, foodId, category) values (183, 183, 'Books');
insert into FoodCategories (fcid, foodId, category) values (184, 184, 'Health');
insert into FoodCategories (fcid, foodId, category) values (185, 185, 'Music');
insert into FoodCategories (fcid, foodId, category) values (186, 186, 'Health');
insert into FoodCategories (fcid, foodId, category) values (187, 187, 'Garden');
insert into FoodCategories (fcid, foodId, category) values (188, 188, 'Movies');
insert into FoodCategories (fcid, foodId, category) values (189, 189, 'Garden');
insert into FoodCategories (fcid, foodId, category) values (190, 190, 'Jewelery');
insert into FoodCategories (fcid, foodId, category) values (191, 191, 'Clothing');
insert into FoodCategories (fcid, foodId, category) values (192, 192, 'Tools');
insert into FoodCategories (fcid, foodId, category) values (193, 193, 'Toys');
insert into FoodCategories (fcid, foodId, category) values (194, 194, 'Shoes');
insert into FoodCategories (fcid, foodId, category) values (195, 195, 'Sports');
insert into FoodCategories (fcid, foodId, category) values (196, 196, 'Home');
insert into FoodCategories (fcid, foodId, category) values (197, 197, 'Sports');
insert into FoodCategories (fcid, foodId, category) values (198, 198, 'Toys');
insert into FoodCategories (fcid, foodId, category) values (199, 199, 'Automotive');
insert into FoodCategories (fcid, foodId, category) values (200, 200, 'Toys');
insert into FoodCategories (fcid, foodId, category) values (201, 201, 'Beauty');
insert into FoodCategories (fcid, foodId, category) values (202, 202, 'Electronics');
insert into FoodCategories (fcid, foodId, category) values (203, 203, 'Jewelery');
insert into FoodCategories (fcid, foodId, category) values (204, 204, 'Garden');
insert into FoodCategories (fcid, foodId, category) values (205, 205, 'Sports');
insert into FoodCategories (fcid, foodId, category) values (206, 206, 'Jewelery');
insert into FoodCategories (fcid, foodId, category) values (207, 207, 'Beauty');
insert into FoodCategories (fcid, foodId, category) values (208, 208, 'Computers');
insert into FoodCategories (fcid, foodId, category) values (209, 209, 'Books');
insert into FoodCategories (fcid, foodId, category) values (210, 210, 'Games');
insert into FoodCategories (fcid, foodId, category) values (211, 211, 'Baby');
insert into FoodCategories (fcid, foodId, category) values (212, 212, 'Shoes');
insert into FoodCategories (fcid, foodId, category) values (213, 213, 'Baby');
insert into FoodCategories (fcid, foodId, category) values (214, 214, 'Tools');
insert into FoodCategories (fcid, foodId, category) values (215, 215, 'Kids');
insert into FoodCategories (fcid, foodId, category) values (216, 216, 'Games');
insert into FoodCategories (fcid, foodId, category) values (217, 217, 'Health');
insert into FoodCategories (fcid, foodId, category) values (218, 218, 'Electronics');
insert into FoodCategories (fcid, foodId, category) values (219, 219, 'Health');
insert into FoodCategories (fcid, foodId, category) values (220, 220, 'Home');
insert into FoodCategories (fcid, foodId, category) values (221, 221, 'Baby');
insert into FoodCategories (fcid, foodId, category) values (222, 222, 'Music');
insert into FoodCategories (fcid, foodId, category) values (223, 223, 'Beauty');
insert into FoodCategories (fcid, foodId, category) values (224, 224, 'Grocery');
insert into FoodCategories (fcid, foodId, category) values (225, 225, 'Kids');
insert into FoodCategories (fcid, foodId, category) values (226, 226, 'Beauty');
insert into FoodCategories (fcid, foodId, category) values (227, 227, 'Books');
insert into FoodCategories (fcid, foodId, category) values (228, 228, 'Games');
insert into FoodCategories (fcid, foodId, category) values (229, 229, 'Shoes');
insert into FoodCategories (fcid, foodId, category) values (230, 230, 'Electronics');
insert into FoodCategories (fcid, foodId, category) values (231, 231, 'Sports');
insert into FoodCategories (fcid, foodId, category) values (232, 232, 'Clothing');
insert into FoodCategories (fcid, foodId, category) values (233, 233, 'Beauty');
insert into FoodCategories (fcid, foodId, category) values (234, 234, 'Outdoors');
insert into FoodCategories (fcid, foodId, category) values (235, 235, 'Sports');
insert into FoodCategories (fcid, foodId, category) values (236, 236, 'Tools');
insert into FoodCategories (fcid, foodId, category) values (237, 237, 'Health');
insert into FoodCategories (fcid, foodId, category) values (238, 238, 'Industrial');
insert into FoodCategories (fcid, foodId, category) values (239, 239, 'Books');
insert into FoodCategories (fcid, foodId, category) values (240, 240, 'Books');
insert into FoodCategories (fcid, foodId, category) values (241, 241, 'Music');
insert into FoodCategories (fcid, foodId, category) values (242, 242, 'Kids');
insert into FoodCategories (fcid, foodId, category) values (243, 243, 'Jewelery');
insert into FoodCategories (fcid, foodId, category) values (244, 244, 'Sports');
insert into FoodCategories (fcid, foodId, category) values (245, 245, 'Electronics');
insert into FoodCategories (fcid, foodId, category) values (246, 246, 'Tools');
insert into FoodCategories (fcid, foodId, category) values (247, 247, 'Kids');
insert into FoodCategories (fcid, foodId, category) values (248, 248, 'Music');
insert into FoodCategories (fcid, foodId, category) values (249, 249, 'Beauty');
insert into FoodCategories (fcid, foodId, category) values (250, 250, 'Tools');
insert into FoodCategories (fcid, foodId, category) values (251, 251, 'Tools');
insert into FoodCategories (fcid, foodId, category) values (252, 252, 'Clothing');
insert into FoodCategories (fcid, foodId, category) values (253, 253, 'Health');
insert into FoodCategories (fcid, foodId, category) values (254, 254, 'Jewelery');
insert into FoodCategories (fcid, foodId, category) values (255, 255, 'Beauty');
insert into FoodCategories (fcid, foodId, category) values (256, 256, 'Music');
insert into FoodCategories (fcid, foodId, category) values (257, 257, 'Clothing');
insert into FoodCategories (fcid, foodId, category) values (258, 258, 'Kids');
insert into FoodCategories (fcid, foodId, category) values (259, 259, 'Computers');
insert into FoodCategories (fcid, foodId, category) values (260, 260, 'Grocery');
insert into FoodCategories (fcid, foodId, category) values (261, 261, 'Computers');
insert into FoodCategories (fcid, foodId, category) values (262, 262, 'Kids');
insert into FoodCategories (fcid, foodId, category) values (263, 263, 'Jewelery');
insert into FoodCategories (fcid, foodId, category) values (264, 264, 'Music');
insert into FoodCategories (fcid, foodId, category) values (265, 265, 'Books');
insert into FoodCategories (fcid, foodId, category) values (266, 266, 'Games');
insert into FoodCategories (fcid, foodId, category) values (267, 267, 'Games');
insert into FoodCategories (fcid, foodId, category) values (268, 268, 'Toys');
insert into FoodCategories (fcid, foodId, category) values (269, 269, 'Grocery');
insert into FoodCategories (fcid, foodId, category) values (270, 270, 'Garden');
insert into FoodCategories (fcid, foodId, category) values (271, 271, 'Toys');
insert into FoodCategories (fcid, foodId, category) values (272, 272, 'Shoes');
insert into FoodCategories (fcid, foodId, category) values (273, 273, 'Kids');
insert into FoodCategories (fcid, foodId, category) values (274, 274, 'Jewelery');
insert into FoodCategories (fcid, foodId, category) values (275, 275, 'Toys');
insert into FoodCategories (fcid, foodId, category) values (276, 276, 'Grocery');
insert into FoodCategories (fcid, foodId, category) values (277, 277, 'Jewelery');
insert into FoodCategories (fcid, foodId, category) values (278, 278, 'Shoes');
insert into FoodCategories (fcid, foodId, category) values (279, 279, 'Clothing');
insert into FoodCategories (fcid, foodId, category) values (280, 280, 'Sports');
insert into FoodCategories (fcid, foodId, category) values (281, 281, 'Baby');
insert into FoodCategories (fcid, foodId, category) values (282, 282, 'Industrial');
insert into FoodCategories (fcid, foodId, category) values (283, 283, 'Jewelery');
insert into FoodCategories (fcid, foodId, category) values (284, 284, 'Music');
insert into FoodCategories (fcid, foodId, category) values (285, 285, 'Toys');
insert into FoodCategories (fcid, foodId, category) values (286, 286, 'Electronics');
insert into FoodCategories (fcid, foodId, category) values (287, 287, 'Industrial');
insert into FoodCategories (fcid, foodId, category) values (288, 288, 'Kids');
insert into FoodCategories (fcid, foodId, category) values (289, 289, 'Games');
insert into FoodCategories (fcid, foodId, category) values (290, 290, 'Clothing');
insert into FoodCategories (fcid, foodId, category) values (291, 291, 'Tools');
insert into FoodCategories (fcid, foodId, category) values (292, 292, 'Automotive');
insert into FoodCategories (fcid, foodId, category) values (293, 293, 'Shoes');
insert into FoodCategories (fcid, foodId, category) values (294, 294, 'Movies');
insert into FoodCategories (fcid, foodId, category) values (295, 295, 'Industrial');
insert into FoodCategories (fcid, foodId, category) values (296, 296, 'Beauty');
insert into FoodCategories (fcid, foodId, category) values (297, 297, 'Industrial');
insert into FoodCategories (fcid, foodId, category) values (298, 298, 'Computers');
insert into FoodCategories (fcid, foodId, category) values (299, 299, 'Shoes');
insert into FoodCategories (fcid, foodId, category) values (300, 300, 'Computers');
insert into FoodCategories (fcid, foodId, category) values (301, 301, 'Baby');
insert into FoodCategories (fcid, foodId, category) values (302, 302, 'Baby');
insert into FoodCategories (fcid, foodId, category) values (303, 303, 'Outdoors');
insert into FoodCategories (fcid, foodId, category) values (304, 304, 'Games');
insert into FoodCategories (fcid, foodId, category) values (305, 305, 'Beauty');
insert into FoodCategories (fcid, foodId, category) values (306, 306, 'Home');
insert into FoodCategories (fcid, foodId, category) values (307, 307, 'Clothing');
insert into FoodCategories (fcid, foodId, category) values (308, 308, 'Beauty');
insert into FoodCategories (fcid, foodId, category) values (309, 309, 'Tools');
insert into FoodCategories (fcid, foodId, category) values (310, 310, 'Tools');
insert into FoodCategories (fcid, foodId, category) values (311, 311, 'Automotive');
insert into FoodCategories (fcid, foodId, category) values (312, 312, 'Books');
insert into FoodCategories (fcid, foodId, category) values (313, 313, 'Outdoors');
insert into FoodCategories (fcid, foodId, category) values (314, 314, 'Jewelery');
insert into FoodCategories (fcid, foodId, category) values (315, 315, 'Jewelery');
insert into FoodCategories (fcid, foodId, category) values (316, 316, 'Baby');
insert into FoodCategories (fcid, foodId, category) values (317, 317, 'Electronics');
insert into FoodCategories (fcid, foodId, category) values (318, 318, 'Beauty');
insert into FoodCategories (fcid, foodId, category) values (319, 319, 'Computers');
insert into FoodCategories (fcid, foodId, category) values (320, 320, 'Health');
insert into FoodCategories (fcid, foodId, category) values (321, 321, 'Kids');
insert into FoodCategories (fcid, foodId, category) values (322, 322, 'Toys');
insert into FoodCategories (fcid, foodId, category) values (323, 323, 'Beauty');
insert into FoodCategories (fcid, foodId, category) values (324, 324, 'Baby');
insert into FoodCategories (fcid, foodId, category) values (325, 325, 'Grocery');
insert into FoodCategories (fcid, foodId, category) values (326, 326, 'Industrial');
insert into FoodCategories (fcid, foodId, category) values (327, 327, 'Outdoors');
insert into FoodCategories (fcid, foodId, category) values (328, 328, 'Clothing');
insert into FoodCategories (fcid, foodId, category) values (329, 329, 'Outdoors');
insert into FoodCategories (fcid, foodId, category) values (330, 330, 'Outdoors');
insert into FoodCategories (fcid, foodId, category) values (331, 331, 'Sports');
insert into FoodCategories (fcid, foodId, category) values (332, 332, 'Computers');
insert into FoodCategories (fcid, foodId, category) values (333, 333, 'Tools');
insert into FoodCategories (fcid, foodId, category) values (334, 334, 'Music');
insert into FoodCategories (fcid, foodId, category) values (335, 335, 'Outdoors');
insert into FoodCategories (fcid, foodId, category) values (336, 336, 'Tools');
insert into FoodCategories (fcid, foodId, category) values (337, 337, 'Jewelery');
insert into FoodCategories (fcid, foodId, category) values (338, 338, 'Baby');
insert into FoodCategories (fcid, foodId, category) values (339, 339, 'Grocery');
insert into FoodCategories (fcid, foodId, category) values (340, 340, 'Games');
insert into FoodCategories (fcid, foodId, category) values (341, 341, 'Jewelery');
insert into FoodCategories (fcid, foodId, category) values (342, 342, 'Computers');
insert into FoodCategories (fcid, foodId, category) values (343, 343, 'Toys');
insert into FoodCategories (fcid, foodId, category) values (344, 344, 'Music');
insert into FoodCategories (fcid, foodId, category) values (345, 345, 'Grocery');
insert into FoodCategories (fcid, foodId, category) values (346, 346, 'Jewelery');
insert into FoodCategories (fcid, foodId, category) values (347, 347, 'Tools');
insert into FoodCategories (fcid, foodId, category) values (348, 348, 'Outdoors');
insert into FoodCategories (fcid, foodId, category) values (349, 349, 'Music');
insert into FoodCategories (fcid, foodId, category) values (350, 350, 'Industrial');
insert into FoodCategories (fcid, foodId, category) values (351, 351, 'Automotive');
insert into FoodCategories (fcid, foodId, category) values (352, 352, 'Toys');
insert into FoodCategories (fcid, foodId, category) values (353, 353, 'Outdoors');
insert into FoodCategories (fcid, foodId, category) values (354, 354, 'Baby');
insert into FoodCategories (fcid, foodId, category) values (355, 355, 'Games');
insert into FoodCategories (fcid, foodId, category) values (356, 356, 'Baby');
insert into FoodCategories (fcid, foodId, category) values (357, 357, 'Shoes');
insert into FoodCategories (fcid, foodId, category) values (358, 358, 'Home');
insert into FoodCategories (fcid, foodId, category) values (359, 359, 'Movies');
insert into FoodCategories (fcid, foodId, category) values (360, 360, 'Industrial');
insert into FoodCategories (fcid, foodId, category) values (361, 361, 'Beauty');
insert into FoodCategories (fcid, foodId, category) values (362, 362, 'Books');
insert into FoodCategories (fcid, foodId, category) values (363, 363, 'Tools');
insert into FoodCategories (fcid, foodId, category) values (364, 364, 'Sports');
insert into FoodCategories (fcid, foodId, category) values (365, 365, 'Health');
insert into FoodCategories (fcid, foodId, category) values (366, 366, 'Jewelery');
insert into FoodCategories (fcid, foodId, category) values (367, 367, 'Music');
insert into FoodCategories (fcid, foodId, category) values (368, 368, 'Baby');
insert into FoodCategories (fcid, foodId, category) values (369, 369, 'Industrial');
insert into FoodCategories (fcid, foodId, category) values (370, 370, 'Electronics');
insert into FoodCategories (fcid, foodId, category) values (371, 371, 'Outdoors');
insert into FoodCategories (fcid, foodId, category) values (372, 372, 'Kids');
insert into FoodCategories (fcid, foodId, category) values (373, 373, 'Grocery');
insert into FoodCategories (fcid, foodId, category) values (374, 374, 'Clothing');
insert into FoodCategories (fcid, foodId, category) values (375, 375, 'Books');
insert into FoodCategories (fcid, foodId, category) values (376, 376, 'Computers');
insert into FoodCategories (fcid, foodId, category) values (377, 377, 'Shoes');
insert into FoodCategories (fcid, foodId, category) values (378, 378, 'Jewelery');
insert into FoodCategories (fcid, foodId, category) values (379, 379, 'Beauty');
insert into FoodCategories (fcid, foodId, category) values (380, 380, 'Books');
insert into FoodCategories (fcid, foodId, category) values (381, 381, 'Books');
insert into FoodCategories (fcid, foodId, category) values (382, 382, 'Electronics');
insert into FoodCategories (fcid, foodId, category) values (383, 383, 'Computers');
insert into FoodCategories (fcid, foodId, category) values (384, 384, 'Garden');
insert into FoodCategories (fcid, foodId, category) values (385, 385, 'Movies');
insert into FoodCategories (fcid, foodId, category) values (386, 386, 'Health');
insert into FoodCategories (fcid, foodId, category) values (387, 387, 'Garden');
insert into FoodCategories (fcid, foodId, category) values (388, 388, 'Clothing');
insert into FoodCategories (fcid, foodId, category) values (389, 389, 'Tools');
insert into FoodCategories (fcid, foodId, category) values (390, 390, 'Garden');
insert into FoodCategories (fcid, foodId, category) values (391, 391, 'Music');
insert into FoodCategories (fcid, foodId, category) values (392, 392, 'Garden');
insert into FoodCategories (fcid, foodId, category) values (393, 393, 'Clothing');
insert into FoodCategories (fcid, foodId, category) values (394, 394, 'Grocery');
insert into FoodCategories (fcid, foodId, category) values (395, 395, 'Outdoors');
insert into FoodCategories (fcid, foodId, category) values (396, 396, 'Health');
insert into FoodCategories (fcid, foodId, category) values (397, 397, 'Music');
insert into FoodCategories (fcid, foodId, category) values (398, 398, 'Shoes');
insert into FoodCategories (fcid, foodId, category) values (399, 399, 'Industrial');
insert into FoodCategories (fcid, foodId, category) values (400, 400, 'Electronics');


/*PROMOTIONS DB*/
insert into Promotions (promoId, type, discountValue, startDate, endDate, condition, description) values (1, 1, 55, '2020-05-01 06:12:37', '2020-10-12 06:12:37', '3rd generation', 'Sodium Fluoride');
insert into Promotions (promoId, type, discountValue, startDate, endDate, condition, description) values (2, 2, 78, '2019-12-14 23:10:54', '2020-03-20 23:10:54', 'Persevering', 'CAMPHOR, and MENTHOL');
insert into Promotions (promoId, type, discountValue, startDate, endDate, condition, description) values (3, 2, 23, '2019-05-27 02:05:54', '2019-06-04 02:05:54', 'motivating', 'ARMODAFINIL');
insert into Promotions (promoId, type, discountValue, startDate, endDate, condition, description) values (4, 1, 39, '2019-11-11 03:15:10', '2020-05-28 03:15:10', 'scalable', 'TETRAHYDROZOLINE HYDROCHLORIDE AND ZINC SULFATE');
insert into Promotions (promoId, type, discountValue, startDate, endDate, condition, description) values (5, 2, 47, '2019-11-22 00:06:34', '2020-06-05 00:06:34', 'Enterprise-wide', 'ceftazidime');
insert into Promotions (promoId, type, discountValue, startDate, endDate, condition, description) values (6, 1, 56, '2019-10-16 08:02:25', null, 'Business-focused', 'salicylic acid');
insert into Promotions (promoId, type, discountValue, startDate, endDate, condition, description) values (7, 2, 47, '2019-08-11 16:13:56', '2019-11-29 16:13:56', 'attitude', 'Prochlorperazine maleate');
insert into Promotions (promoId, type, discountValue, startDate, endDate, condition, description) values (8, 1, 33, '2020-01-20 22:50:55', '2020-03-27 22:50:55', 'methodology', 'Octinoxate, Octisalate, and Titanium Dioxide');
insert into Promotions (promoId, type, discountValue, startDate, endDate, condition, description) values (9, 2, 45, '2019-09-12 11:58:59', '2020-01-29 11:58:59', 'Persistent', 'Menthol');
insert into Promotions (promoId, type, discountValue, startDate, endDate, condition, description) values (10, 2, 35, '2019-11-13 20:01:23', '2019-11-29 20:01:23', 'ability', 'DIMETHICONE');
insert into Promotions (promoId, type, discountValue, startDate, endDate, condition, description) values (11, 1, 28, '2020-02-25 04:30:32', '2020-08-23 04:30:32', 'dynamic', 'OCTINOXATE');
insert into Promotions (promoId, type, discountValue, startDate, endDate, condition, description) values (12, 2, 29, '2019-12-15 18:47:04', '2020-06-11 18:47:04', 'Virtual', 'Sucralfate');
insert into Promotions (promoId, type, discountValue, startDate, endDate, condition, description) values (13, 1, 52, '2020-04-11 23:47:35', '2020-05-25 23:47:35', 'Progressive', 'Fluconazole');
insert into Promotions (promoId, type, discountValue, startDate, endDate, condition, description) values (14, 2, 65, '2020-02-14 15:44:23', '2020-07-22 15:44:23', 'real-time', 'Titanium Dioxide and Zinc Oxide');
insert into Promotions (promoId, type, discountValue, startDate, endDate, condition, description) values (15, 2, 36, '2019-06-19 02:39:05', '2019-12-09 02:39:05', 'asynchronous', 'Levothyroxine Sodium');
insert into Promotions (promoId, type, discountValue, startDate, endDate, condition, description) values (16, 2, 27, '2019-06-24 12:13:27', null, 'maximized', 'Methenamine, Sodium Phosphate, Monobasic, Monohydrate, Phenyl Salicylate, Methylene Blue, and Hyoscyamine Sulfate');
insert into Promotions (promoId, type, discountValue, startDate, endDate, condition, description) values (17, 2, 52, '2019-07-25 17:07:32', '2020-02-01 17:07:32', 'neural-net', 'Acetaminophen, Dextromethorphan Hydrobromide, Phenylephrine Hydrochloride');
insert into Promotions (promoId, type, discountValue, startDate, endDate, condition, description) values (18, 2, 71, '2019-07-02 10:38:52', '2020-01-13 10:38:52', 'reciprocal', 'Potassium Chloride');
insert into Promotions (promoId, type, discountValue, startDate, endDate, condition, description) values (19, 1, 22, '2020-03-30 16:11:37', null, 'Diverse', 'Wheat Bunt');
insert into Promotions (promoId, type, discountValue, startDate, endDate, condition, description) values (20, 2, 22, '2020-02-02 00:03:13', '2020-02-29 00:03:13', 'Up-sized', 'Cetirizine HCl');
insert into Promotions (promoId, type, discountValue, startDate, endDate, condition, description) values (21, 2, 34, '2019-05-20 12:28:10', '2019-06-06 12:28:10', 'Ameliorated', 'Atropine Sulfate');
insert into Promotions (promoId, type, discountValue, startDate, endDate, condition, description) values (22, 2, 59, '2020-03-08 21:22:47', '2020-07-23 21:22:47', 'global', 'Kalium aceticum comp. 6');
insert into Promotions (promoId, type, discountValue, startDate, endDate, condition, description) values (23, 1, 73, '2019-08-05 07:54:21', '2020-01-21 07:54:21', 'focus group', 'Leeks');
insert into Promotions (promoId, type, discountValue, startDate, endDate, condition, description) values (24, 1, 51, '2019-10-18 11:14:40', '2019-11-22 11:14:40', 'analyzing', 'TITANIUM DIOXIDE');
insert into Promotions (promoId, type, discountValue, startDate, endDate, condition, description) values (25, 2, 75, '2019-06-28 06:30:25', '2019-10-06 06:30:25', 'Devolved', 'Guaifenesin');
insert into Promotions (promoId, type, discountValue, startDate, endDate, condition, description) values (26, 2, 52, '2020-03-17 10:46:51', '2020-03-24 10:46:51', 'hierarchy', 'ibuprofen');
insert into Promotions (promoId, type, discountValue, startDate, endDate, condition, description) values (27, 2, 51, '2020-05-01 04:47:12', '2020-09-25 04:47:12', 'Extended', 'Banana');
insert into Promotions (promoId, type, discountValue, startDate, endDate, condition, description) values (28, 2, 15, '2019-10-13 10:53:18', '2019-11-23 10:53:18', 'migration', 'Carbamazepine');
insert into Promotions (promoId, type, discountValue, startDate, endDate, condition, description) values (29, 2, 36, '2019-05-10 16:38:51', '2019-05-25 16:38:51', 'global', 'Norgestimate and Ethinyl Estradiol');
insert into Promotions (promoId, type, discountValue, startDate, endDate, condition, description) values (30, 2, 60, '2019-10-31 20:18:57', '2020-03-24 20:18:57', 'local area network', 'AVOBENZONE, HOMOSALATE, OCTISALATE, OCTOCRYLENE, OXYBENZONE');
insert into Promotions (promoId, type, discountValue, startDate, endDate, condition, description) values (31, 2, 68, '2020-03-31 11:43:42', '2020-09-25 11:43:42', 'transitional', 'BENZETHONIUM CHLORIDE');
insert into Promotions (promoId, type, discountValue, startDate, endDate, condition, description) values (32, 2, 63, '2019-10-25 17:54:00', '2019-11-11 17:54:00', 'Persistent', 'Petrolatum');
insert into Promotions (promoId, type, discountValue, startDate, endDate, condition, description) values (33, 2, 64, '2019-09-22 19:33:50', null, 'archive', 'Salicylic Acid');
insert into Promotions (promoId, type, discountValue, startDate, endDate, condition, description) values (34, 1, 46, '2019-06-05 14:59:24', '2019-09-04 14:59:24', 'national', 'LIDOCAINE HYDROCHLORIDE');
insert into Promotions (promoId, type, discountValue, startDate, endDate, condition, description) values (35, 2, 25, '2019-10-19 02:25:45', '2019-10-30 02:25:45', 'implementation', 'amlodipine and atorvastatin');
insert into Promotions (promoId, type, discountValue, startDate, endDate, condition, description) values (36, 2, 48, '2019-05-17 00:03:54', '2019-11-03 00:03:54', 'encryption', 'ALCOHOL');
insert into Promotions (promoId, type, discountValue, startDate, endDate, condition, description) values (37, 2, 58, '2019-11-01 07:08:44', '2020-03-22 07:08:44', 'Extended', 'Loratadine');
insert into Promotions (promoId, type, discountValue, startDate, endDate, condition, description) values (38, 2, 70, '2019-09-03 13:24:43', '2019-12-20 13:24:43', 'Multi-layered', 'Titanium Dioxide');
insert into Promotions (promoId, type, discountValue, startDate, endDate, condition, description) values (39, 2, 18, '2020-03-04 05:12:01', '2020-08-02 05:12:01', 'cohesive', 'Aloe socotrine, Apis mellifica, Avena sativa, Carbo vegetabilis, Equisetum hyemale, Gelsemium sempervirens, Pulsatilla, Selenium metallicum, Taraxacum officinale');
insert into Promotions (promoId, type, discountValue, startDate, endDate, condition, description) values (40, 1, 74, '2019-08-03 04:50:00', null, 'system engine', 'Invisible Stick Antiperspirant and Deodorant');
insert into Promotions (promoId, type, discountValue, startDate, endDate, condition, description) values (41, 1, 38, '2019-12-25 08:28:42', '2020-06-15 08:28:42', 'matrix', 'Citalopram Hydrobromide');
insert into Promotions (promoId, type, discountValue, startDate, endDate, condition, description) values (42, 2, 22, '2019-05-25 05:08:20', '2019-08-09 05:08:20', 'approach', 'Argentum Quartz');
insert into Promotions (promoId, type, discountValue, startDate, endDate, condition, description) values (43, 2, 73, '2019-06-02 05:35:29', '2019-08-22 05:35:29', 'leverage', 'Prednisone');
insert into Promotions (promoId, type, discountValue, startDate, endDate, condition, description) values (44, 2, 68, '2019-07-20 06:56:10', '2020-02-01 06:56:10', 'array', 'Parsley');
insert into Promotions (promoId, type, discountValue, startDate, endDate, condition, description) values (45, 2, 79, '2019-10-15 20:06:48', '2019-12-24 20:06:48', 'Self-enabling', 'Quetiapine Fumarate');
insert into Promotions (promoId, type, discountValue, startDate, endDate, condition, description) values (46, 2, 15, '2019-09-06 04:02:16', '2020-01-24 04:02:16', 'Visionary', 'Oxygen');
insert into Promotions (promoId, type, discountValue, startDate, endDate, condition, description) values (47, 2, 78, '2020-02-21 15:20:38', '2020-02-29 15:20:38', 'zero tolerance', 'Ziprasidone hydrochloride');
insert into Promotions (promoId, type, discountValue, startDate, endDate, condition, description) values (48, 2, 62, '2019-11-03 22:07:12', '2020-05-16 22:07:12', 'service-desk', 'Azithromycin');
insert into Promotions (promoId, type, discountValue, startDate, endDate, condition, description) values (49, 1, 11, '2019-06-21 04:32:43', '2019-12-28 04:32:43', 'impactful', 'Metaxalone');
insert into Promotions (promoId, type, discountValue, startDate, endDate, condition, description) values (50, 1, 37, '2019-09-18 21:02:17', '2019-11-22 21:02:17', 'instruction set', 'Doxazosin Mesylate');

insert into RestaurantPromotions (promoid, restaurantId) values (1, 18);
insert into RestaurantPromotions (promoid, restaurantId) values (4, 2);
insert into RestaurantPromotions (promoid, restaurantId) values (6, 4);
insert into RestaurantPromotions (promoid, restaurantId) values (8, 9);
insert into RestaurantPromotions (promoid, restaurantId) values (11, 4);
insert into RestaurantPromotions (promoid, restaurantId) values (13, 2);
insert into RestaurantPromotions (promoid, restaurantId) values (19, 24);
insert into RestaurantPromotions (promoid, restaurantId) values (23, 20);
insert into RestaurantPromotions (promoid, restaurantId) values (24, 5);
insert into RestaurantPromotions (promoid, restaurantId) values (34, 13);
insert into RestaurantPromotions (promoid, restaurantId) values (40, 20);
insert into RestaurantPromotions (promoid, restaurantId) values (41, 7);
insert into RestaurantPromotions (promoid, restaurantId) values (49, 25);
insert into RestaurantPromotions (promoid, restaurantId) values (50, 4);

insert into FDSPromotions (promoid, managerId) values (2, 96);
insert into FDSPromotions (promoid, managerId) values (3, 23);
insert into FDSPromotions (promoid, managerId) values (5, 66);
insert into FDSPromotions (promoid, managerId) values (7, 98);
insert into FDSPromotions (promoid, managerId) values (9, 23);
insert into FDSPromotions (promoid, managerId) values (10, 22);
insert into FDSPromotions (promoid, managerId) values (12, 45);
insert into FDSPromotions (promoid, managerId) values (14, 22);
insert into FDSPromotions (promoid, managerId) values (15, 19);
insert into FDSPromotions (promoid, managerId) values (16, 66);
insert into FDSPromotions (promoid, managerId) values (17, 19);
insert into FDSPromotions (promoid, managerId) values (18, 45);
insert into FDSPromotions (promoid, managerId) values (20, 86);
insert into FDSPromotions (promoid, managerId) values (21, 32);
insert into FDSPromotions (promoid, managerId) values (22, 96);
insert into FDSPromotions (promoid, managerId) values (25, 22);
insert into FDSPromotions (promoid, managerId) values (26, 78);
insert into FDSPromotions (promoid, managerId) values (27, 58);
insert into FDSPromotions (promoid, managerId) values (28, 72);
insert into FDSPromotions (promoid, managerId) values (29, 66);
insert into FDSPromotions (promoid, managerId) values (30, 72);
insert into FDSPromotions (promoid, managerId) values (31, 81);
insert into FDSPromotions (promoid, managerId) values (32, 19);
insert into FDSPromotions (promoid, managerId) values (33, 23);
insert into FDSPromotions (promoid, managerId) values (35, 23);
insert into FDSPromotions (promoid, managerId) values (36, 66);
insert into FDSPromotions (promoid, managerId) values (37, 45);
insert into FDSPromotions (promoid, managerId) values (38, 98);
insert into FDSPromotions (promoid, managerId) values (39, 46);
insert into FDSPromotions (promoid, managerId) values (42, 32);
insert into FDSPromotions (promoid, managerId) values (43, 23);
insert into FDSPromotions (promoid, managerId) values (44, 41);
insert into FDSPromotions (promoid, managerId) values (45, 45);
insert into FDSPromotions (promoid, managerId) values (46, 78);
insert into FDSPromotions (promoid, managerId) values (47, 6);
insert into FDSPromotions (promoid, managerId) values (48, 86);


/*RECENT LOCATIONS DB*/
insert into RecentLocations (customerId, location, lastUsingTIme) values (56, 730764, '2019-07-30 05:08:10');
insert into RecentLocations (customerId, location, lastUsingTIme) values (15, 622997, '2020-02-10 16:58:09');
insert into RecentLocations (customerId, location, lastUsingTIme) values (62, 963939, '2019-05-20 18:53:40');
insert into RecentLocations (customerId, location, lastUsingTIme) values (93, 112645, '2019-06-04 19:07:45');
insert into RecentLocations (customerId, location, lastUsingTIme) values (82, 253215, '2019-09-18 22:17:20');
insert into RecentLocations (customerId, location, lastUsingTIme) values (65, 237800, '2019-08-06 12:00:57');
insert into RecentLocations (customerId, location, lastUsingTIme) values (18, 915481, '2019-11-26 22:39:51');
insert into RecentLocations (customerId, location, lastUsingTIme) values (92, 131222, '2020-03-19 02:44:31');
insert into RecentLocations (customerId, location, lastUsingTIme) values (68, 597886, '2019-08-25 22:58:18');
insert into RecentLocations (customerId, location, lastUsingTIme) values (48, 169030, '2020-03-16 09:24:50');
insert into RecentLocations (customerId, location, lastUsingTIme) values (65, 907980, '2020-04-07 14:45:26');
insert into RecentLocations (customerId, location, lastUsingTIme) values (61, 388341, '2020-03-30 06:09:20');
insert into RecentLocations (customerId, location, lastUsingTIme) values (65, 818008, '2019-11-23 19:00:40');
insert into RecentLocations (customerId, location, lastUsingTIme) values (21, 474240, '2020-03-02 21:52:16');
insert into RecentLocations (customerId, location, lastUsingTIme) values (82, 186469, '2020-03-12 14:18:48');
insert into RecentLocations (customerId, location, lastUsingTIme) values (21, 245355, '2020-05-05 01:04:39');
insert into RecentLocations (customerId, location, lastUsingTIme) values (93, 241303, '2019-06-11 23:40:18');
insert into RecentLocations (customerId, location, lastUsingTIme) values (61, 313167, '2020-04-28 16:51:37');
insert into RecentLocations (customerId, location, lastUsingTIme) values (70, 672422, '2019-08-24 05:47:49');
insert into RecentLocations (customerId, location, lastUsingTIme) values (21, 792227, '2019-09-28 21:19:36');
insert into RecentLocations (customerId, location, lastUsingTIme) values (43, 286662, '2019-06-02 05:38:06');
insert into RecentLocations (customerId, location, lastUsingTIme) values (99, 383593, '2020-03-01 11:12:38');
insert into RecentLocations (customerId, location, lastUsingTIme) values (92, 431390, '2019-07-18 17:43:58');
insert into RecentLocations (customerId, location, lastUsingTIme) values (70, 661063, '2020-02-23 03:37:39');
insert into RecentLocations (customerId, location, lastUsingTIme) values (28, 716219, '2019-12-01 21:42:55');
insert into RecentLocations (customerId, location, lastUsingTIme) values (18, 304073, '2019-09-26 18:19:50');
insert into RecentLocations (customerId, location, lastUsingTIme) values (15, 563974, '2019-06-06 05:52:37');
insert into RecentLocations (customerId, location, lastUsingTIme) values (15, 137214, '2020-02-24 06:51:42');
insert into RecentLocations (customerId, location, lastUsingTIme) values (94, 250466, '2019-11-03 07:36:04');
insert into RecentLocations (customerId, location, lastUsingTIme) values (74, 881582, '2019-07-18 23:32:53');
insert into RecentLocations (customerId, location, lastUsingTIme) values (56, 645756, '2019-11-04 12:38:24');
insert into RecentLocations (customerId, location, lastUsingTIme) values (49, 668318, '2020-01-03 17:48:20');
insert into RecentLocations (customerId, location, lastUsingTIme) values (2, 779630, '2020-04-21 20:32:35');
insert into RecentLocations (customerId, location, lastUsingTIme) values (55, 527329, '2019-11-18 13:32:35');
insert into RecentLocations (customerId, location, lastUsingTIme) values (99, 976344, '2019-06-09 08:52:02');
insert into RecentLocations (customerId, location, lastUsingTIme) values (49, 216791, '2020-05-02 13:27:05');
insert into RecentLocations (customerId, location, lastUsingTIme) values (49, 331510, '2019-11-29 22:24:26');
insert into RecentLocations (customerId, location, lastUsingTIme) values (21, 384395, '2020-02-13 16:00:28');
insert into RecentLocations (customerId, location, lastUsingTIme) values (50, 296507, '2019-06-25 18:19:24');
insert into RecentLocations (customerId, location, lastUsingTIme) values (61, 727835, '2019-10-03 05:18:35');
insert into RecentLocations (customerId, location, lastUsingTIme) values (92, 804918, '2020-01-21 09:14:04');
insert into RecentLocations (customerId, location, lastUsingTIme) values (92, 649410, '2020-01-26 20:06:59');
insert into RecentLocations (customerId, location, lastUsingTIme) values (99, 485705, '2019-07-07 10:22:44');
insert into RecentLocations (customerId, location, lastUsingTIme) values (56, 147147, '2020-04-23 07:02:22');
insert into RecentLocations (customerId, location, lastUsingTIme) values (65, 817824, '2020-01-19 11:56:41');
insert into RecentLocations (customerId, location, lastUsingTIme) values (21, 176491, '2020-02-03 17:55:11');
insert into RecentLocations (customerId, location, lastUsingTIme) values (54, 890480, '2019-12-24 01:01:29');
insert into RecentLocations (customerId, location, lastUsingTIme) values (14, 801970, '2020-04-05 08:15:38');
insert into RecentLocations (customerId, location, lastUsingTIme) values (75, 269153, '2019-10-24 03:17:48');
insert into RecentLocations (customerId, location, lastUsingTIme) values (99, 511937, '2020-04-09 08:30:58');
insert into RecentLocations (customerId, location, lastUsingTIme) values (65, 133586, '2019-09-06 18:12:43');
insert into RecentLocations (customerId, location, lastUsingTIme) values (43, 219555, '2019-06-15 07:17:21');
insert into RecentLocations (customerId, location, lastUsingTIme) values (54, 441694, '2019-07-04 15:21:36');
insert into RecentLocations (customerId, location, lastUsingTIme) values (64, 823889, '2019-06-05 11:48:55');
insert into RecentLocations (customerId, location, lastUsingTIme) values (21, 850249, '2020-04-29 16:22:42');
insert into RecentLocations (customerId, location, lastUsingTIme) values (99, 266608, '2019-07-27 14:58:07');
insert into RecentLocations (customerId, location, lastUsingTIme) values (56, 737410, '2020-01-19 05:17:31');
insert into RecentLocations (customerId, location, lastUsingTIme) values (62, 744662, '2019-06-01 16:13:55');
insert into RecentLocations (customerId, location, lastUsingTIme) values (43, 213613, '2020-01-17 02:17:31');
insert into RecentLocations (customerId, location, lastUsingTIme) values (54, 117121, '2019-09-10 07:52:52');
insert into RecentLocations (customerId, location, lastUsingTIme) values (48, 481850, '2020-01-25 19:35:13');
insert into RecentLocations (customerId, location, lastUsingTIme) values (56, 755908, '2019-06-05 11:34:28');
insert into RecentLocations (customerId, location, lastUsingTIme) values (75, 590877, '2019-09-03 21:28:54');
insert into RecentLocations (customerId, location, lastUsingTIme) values (43, 726300, '2019-05-21 18:13:45');
insert into RecentLocations (customerId, location, lastUsingTIme) values (43, 187650, '2020-01-24 04:05:46');
insert into RecentLocations (customerId, location, lastUsingTIme) values (56, 599452, '2019-07-05 08:22:06');
insert into RecentLocations (customerId, location, lastUsingTIme) values (50, 687469, '2019-07-24 10:07:27');
insert into RecentLocations (customerId, location, lastUsingTIme) values (70, 871216, '2020-01-25 12:23:01');
insert into RecentLocations (customerId, location, lastUsingTIme) values (54, 697719, '2019-07-06 21:58:29');
insert into RecentLocations (customerId, location, lastUsingTIme) values (68, 352464, '2019-12-21 10:24:56');
insert into RecentLocations (customerId, location, lastUsingTIme) values (74, 737644, '2019-10-23 09:34:02');
insert into RecentLocations (customerId, location, lastUsingTIme) values (93, 855583, '2020-01-10 11:41:50');
insert into RecentLocations (customerId, location, lastUsingTIme) values (99, 842350, '2019-08-02 00:16:26');
insert into RecentLocations (customerId, location, lastUsingTIme) values (68, 410815, '2020-03-20 11:15:42');
insert into RecentLocations (customerId, location, lastUsingTIme) values (75, 262138, '2019-11-04 20:45:02');
insert into RecentLocations (customerId, location, lastUsingTIme) values (99, 559432, '2020-03-01 12:00:08');
insert into RecentLocations (customerId, location, lastUsingTIme) values (70, 984857, '2019-09-28 01:43:19');
insert into RecentLocations (customerId, location, lastUsingTIme) values (92, 951537, '2019-09-14 08:39:47');
insert into RecentLocations (customerId, location, lastUsingTIme) values (61, 316760, '2019-06-11 00:33:16');
insert into RecentLocations (customerId, location, lastUsingTIme) values (94, 766749, '2019-10-16 19:37:05');
insert into RecentLocations (customerId, location, lastUsingTIme) values (49, 469155, '2019-09-04 09:02:07');
insert into RecentLocations (customerId, location, lastUsingTIme) values (21, 800671, '2019-06-14 01:44:50');
insert into RecentLocations (customerId, location, lastUsingTIme) values (56, 433653, '2019-10-08 18:51:41');
insert into RecentLocations (customerId, location, lastUsingTIme) values (4, 569793, '2019-10-21 23:56:19');
insert into RecentLocations (customerId, location, lastUsingTIme) values (62, 914361, '2019-07-23 00:58:48');
insert into RecentLocations (customerId, location, lastUsingTIme) values (4, 982846, '2019-11-26 06:35:08');
insert into RecentLocations (customerId, location, lastUsingTIme) values (75, 680873, '2020-02-08 10:52:50');
insert into RecentLocations (customerId, location, lastUsingTIme) values (2, 887638, '2019-05-11 16:52:03');
insert into RecentLocations (customerId, location, lastUsingTIme) values (21, 142410, '2020-02-04 13:51:46');
insert into RecentLocations (customerId, location, lastUsingTIme) values (56, 674378, '2019-12-05 10:54:55');
insert into RecentLocations (customerId, location, lastUsingTIme) values (21, 137257, '2020-03-18 20:56:36');
insert into RecentLocations (customerId, location, lastUsingTIme) values (48, 518199, '2020-01-22 10:12:34');
insert into RecentLocations (customerId, location, lastUsingTIme) values (49, 293207, '2019-12-13 07:02:42');
insert into RecentLocations (customerId, location, lastUsingTIme) values (93, 836960, '2019-06-26 06:49:29');
insert into RecentLocations (customerId, location, lastUsingTIme) values (99, 327022, '2019-09-17 22:02:16');
insert into RecentLocations (customerId, location, lastUsingTIme) values (15, 637820, '2019-12-20 13:16:48');
insert into RecentLocations (customerId, location, lastUsingTIme) values (62, 514102, '2020-04-16 23:11:26');
insert into RecentLocations (customerId, location, lastUsingTIme) values (64, 667935, '2020-04-30 22:27:44');
insert into RecentLocations (customerId, location, lastUsingTIme) values (2, 972619, '2020-04-11 00:36:26');
insert into RecentLocations (customerId, location, lastUsingTIme) values (4, 341695, '2019-07-02 15:05:15');
insert into RecentLocations (customerId, location, lastUsingTIme) values (15, 250909, '2019-06-08 12:11:32');
insert into RecentLocations (customerId, location, lastUsingTIme) values (2, 268001, '2019-06-19 21:20:56');
insert into RecentLocations (customerId, location, lastUsingTIme) values (93, 424719, '2019-08-01 11:06:23');
insert into RecentLocations (customerId, location, lastUsingTIme) values (70, 186235, '2020-03-03 03:07:21');
insert into RecentLocations (customerId, location, lastUsingTIme) values (70, 504768, '2020-02-17 13:37:44');
insert into RecentLocations (customerId, location, lastUsingTIme) values (68, 290875, '2020-02-21 21:30:29');
insert into RecentLocations (customerId, location, lastUsingTIme) values (4, 312862, '2020-04-19 10:21:16');
insert into RecentLocations (customerId, location, lastUsingTIme) values (15, 170466, '2019-08-31 12:59:35');
insert into RecentLocations (customerId, location, lastUsingTIme) values (64, 423714, '2019-11-26 17:44:19');
insert into RecentLocations (customerId, location, lastUsingTIme) values (28, 329729, '2019-10-17 05:13:49');
insert into RecentLocations (customerId, location, lastUsingTIme) values (56, 858393, '2019-05-20 19:01:28');
insert into RecentLocations (customerId, location, lastUsingTIme) values (94, 511528, '2019-06-28 18:48:21');
insert into RecentLocations (customerId, location, lastUsingTIme) values (2, 893024, '2019-07-16 21:19:26');
insert into RecentLocations (customerId, location, lastUsingTIme) values (55, 243383, '2019-06-13 16:26:23');
insert into RecentLocations (customerId, location, lastUsingTIme) values (75, 920577, '2020-02-06 12:25:34');
insert into RecentLocations (customerId, location, lastUsingTIme) values (43, 659530, '2019-05-26 02:24:33');
insert into RecentLocations (customerId, location, lastUsingTIme) values (14, 532633, '2020-04-18 07:14:47');
insert into RecentLocations (customerId, location, lastUsingTIme) values (56, 731128, '2019-11-24 03:11:00');
insert into RecentLocations (customerId, location, lastUsingTIme) values (48, 669193, '2019-08-01 13:31:54');
insert into RecentLocations (customerId, location, lastUsingTIme) values (82, 655111, '2019-09-10 07:19:46');
insert into RecentLocations (customerId, location, lastUsingTIme) values (48, 234810, '2019-05-09 21:45:10');
insert into RecentLocations (customerId, location, lastUsingTIme) values (43, 520518, '2020-03-09 04:44:52');
insert into RecentLocations (customerId, location, lastUsingTIme) values (62, 808197, '2019-12-03 23:33:44');
insert into RecentLocations (customerId, location, lastUsingTIme) values (50, 987481, '2019-05-13 20:23:58');
insert into RecentLocations (customerId, location, lastUsingTIme) values (61, 718399, '2020-04-18 07:45:53');
insert into RecentLocations (customerId, location, lastUsingTIme) values (64, 671757, '2020-01-14 19:15:27');
insert into RecentLocations (customerId, location, lastUsingTIme) values (68, 430842, '2019-06-07 22:30:48');
insert into RecentLocations (customerId, location, lastUsingTIme) values (65, 602853, '2019-10-25 07:24:31');
insert into RecentLocations (customerId, location, lastUsingTIme) values (18, 506172, '2019-09-01 00:46:25');
insert into RecentLocations (customerId, location, lastUsingTIme) values (82, 749688, '2019-08-28 15:32:20');
insert into RecentLocations (customerId, location, lastUsingTIme) values (94, 168233, '2020-03-30 15:51:31');
insert into RecentLocations (customerId, location, lastUsingTIme) values (28, 183409, '2019-10-23 19:53:29');
insert into RecentLocations (customerId, location, lastUsingTIme) values (92, 380299, '2019-07-29 06:14:35');
insert into RecentLocations (customerId, location, lastUsingTIme) values (15, 163717, '2020-02-11 22:50:04');
insert into RecentLocations (customerId, location, lastUsingTIme) values (50, 286989, '2020-04-09 01:13:38');
insert into RecentLocations (customerId, location, lastUsingTIme) values (74, 426977, '2019-09-02 06:51:00');
insert into RecentLocations (customerId, location, lastUsingTIme) values (92, 475699, '2019-06-03 16:30:08');
insert into RecentLocations (customerId, location, lastUsingTIme) values (49, 916609, '2020-02-26 00:38:46');
insert into RecentLocations (customerId, location, lastUsingTIme) values (28, 888608, '2020-05-05 03:08:36');
insert into RecentLocations (customerId, location, lastUsingTIme) values (65, 312039, '2020-02-29 17:09:30');
insert into RecentLocations (customerId, location, lastUsingTIme) values (68, 823179, '2019-06-14 15:58:59');
insert into RecentLocations (customerId, location, lastUsingTIme) values (68, 733275, '2020-02-16 06:30:33');
insert into RecentLocations (customerId, location, lastUsingTIme) values (18, 958291, '2020-01-26 19:24:01');
insert into RecentLocations (customerId, location, lastUsingTIme) values (50, 566688, '2019-11-10 05:11:35');
insert into RecentLocations (customerId, location, lastUsingTIme) values (94, 576683, '2019-07-10 10:38:36');
insert into RecentLocations (customerId, location, lastUsingTIme) values (74, 494125, '2019-06-24 22:29:42');
insert into RecentLocations (customerId, location, lastUsingTIme) values (61, 412820, '2019-10-01 03:53:57');
insert into RecentLocations (customerId, location, lastUsingTIme) values (15, 535258, '2019-10-29 01:53:53');
insert into RecentLocations (customerId, location, lastUsingTIme) values (92, 732757, '2020-03-18 22:39:18');
insert into RecentLocations (customerId, location, lastUsingTIme) values (94, 655737, '2020-01-28 01:18:36');
insert into RecentLocations (customerId, location, lastUsingTIme) values (74, 977016, '2019-12-21 23:28:06');
insert into RecentLocations (customerId, location, lastUsingTIme) values (48, 648352, '2020-04-11 18:49:09');
insert into RecentLocations (customerId, location, lastUsingTIme) values (28, 178893, '2020-01-27 21:46:12');
insert into RecentLocations (customerId, location, lastUsingTIme) values (55, 244706, '2019-12-06 05:21:57');
insert into RecentLocations (customerId, location, lastUsingTIme) values (94, 511822, '2020-04-20 23:41:20');
insert into RecentLocations (customerId, location, lastUsingTIme) values (64, 475454, '2019-09-03 21:53:54');
insert into RecentLocations (customerId, location, lastUsingTIme) values (2, 776743, '2020-03-25 23:24:32');
insert into RecentLocations (customerId, location, lastUsingTIme) values (64, 650473, '2019-08-04 15:55:43');
insert into RecentLocations (customerId, location, lastUsingTIme) values (61, 341997, '2019-12-03 10:46:21');
insert into RecentLocations (customerId, location, lastUsingTIme) values (61, 652055, '2019-07-13 23:24:52');
insert into RecentLocations (customerId, location, lastUsingTIme) values (28, 604721, '2019-11-04 16:31:18');
insert into RecentLocations (customerId, location, lastUsingTIme) values (99, 644039, '2019-08-07 11:38:31');
insert into RecentLocations (customerId, location, lastUsingTIme) values (94, 509654, '2019-06-02 06:05:53');
insert into RecentLocations (customerId, location, lastUsingTIme) values (28, 927511, '2019-08-10 12:23:12');
insert into RecentLocations (customerId, location, lastUsingTIme) values (56, 662020, '2020-03-25 19:43:20');
insert into RecentLocations (customerId, location, lastUsingTIme) values (18, 441796, '2020-01-25 02:11:44');
insert into RecentLocations (customerId, location, lastUsingTIme) values (50, 689122, '2019-07-23 00:20:44');
insert into RecentLocations (customerId, location, lastUsingTIme) values (74, 494110, '2019-06-24 13:58:17');
insert into RecentLocations (customerId, location, lastUsingTIme) values (14, 912943, '2019-10-08 22:22:08');
insert into RecentLocations (customerId, location, lastUsingTIme) values (99, 560044, '2020-02-04 23:23:49');
insert into RecentLocations (customerId, location, lastUsingTIme) values (92, 164572, '2019-07-15 11:40:29');
insert into RecentLocations (customerId, location, lastUsingTIme) values (82, 901625, '2019-07-28 19:08:22');
insert into RecentLocations (customerId, location, lastUsingTIme) values (92, 303774, '2019-07-15 15:41:17');
insert into RecentLocations (customerId, location, lastUsingTIme) values (43, 852771, '2020-01-13 13:32:38');
insert into RecentLocations (customerId, location, lastUsingTIme) values (15, 798082, '2019-08-30 19:53:11');
insert into RecentLocations (customerId, location, lastUsingTIme) values (94, 922508, '2019-12-22 00:03:32');
insert into RecentLocations (customerId, location, lastUsingTIme) values (21, 945793, '2020-04-21 13:32:25');
insert into RecentLocations (customerId, location, lastUsingTIme) values (64, 938722, '2020-01-23 01:36:59');
insert into RecentLocations (customerId, location, lastUsingTIme) values (54, 196010, '2019-06-03 22:27:39');
insert into RecentLocations (customerId, location, lastUsingTIme) values (99, 130036, '2019-08-04 03:22:47');
insert into RecentLocations (customerId, location, lastUsingTIme) values (21, 524402, '2019-11-16 02:13:20');
insert into RecentLocations (customerId, location, lastUsingTIme) values (2, 897129, '2019-10-31 15:02:10');
insert into RecentLocations (customerId, location, lastUsingTIme) values (62, 370510, '2020-01-31 06:39:18');
insert into RecentLocations (customerId, location, lastUsingTIme) values (65, 733866, '2019-06-25 19:44:56');
insert into RecentLocations (customerId, location, lastUsingTIme) values (74, 593044, '2019-10-22 02:23:24');
insert into RecentLocations (customerId, location, lastUsingTIme) values (14, 251364, '2020-02-13 23:11:31');
insert into RecentLocations (customerId, location, lastUsingTIme) values (94, 306433, '2020-03-04 17:35:19');
insert into RecentLocations (customerId, location, lastUsingTIme) values (99, 332852, '2019-10-24 21:37:00');
insert into RecentLocations (customerId, location, lastUsingTIme) values (74, 274277, '2020-03-19 19:48:39');
insert into RecentLocations (customerId, location, lastUsingTIme) values (21, 956953, '2019-11-22 01:54:29');
insert into RecentLocations (customerId, location, lastUsingTIme) values (18, 381831, '2019-08-07 05:05:26');
insert into RecentLocations (customerId, location, lastUsingTIme) values (65, 115987, '2019-08-15 19:27:29');
insert into RecentLocations (customerId, location, lastUsingTIme) values (14, 265821, '2019-11-22 09:28:23');
insert into RecentLocations (customerId, location, lastUsingTIme) values (93, 443617, '2020-04-11 02:52:45');
insert into RecentLocations (customerId, location, lastUsingTIme) values (68, 898512, '2020-03-29 05:47:38');
insert into RecentLocations (customerId, location, lastUsingTIme) values (55, 593805, '2020-01-13 11:51:06');
insert into RecentLocations (customerId, location, lastUsingTIme) values (49, 828936, '2019-08-21 20:35:45');
insert into RecentLocations (customerId, location, lastUsingTIme) values (61, 713451, '2020-04-04 16:55:32');
insert into RecentLocations (customerId, location, lastUsingTIme) values (56, 363455, '2019-12-09 11:57:35');
insert into RecentLocations (customerId, location, lastUsingTIme) values (64, 950809, '2020-03-02 22:59:42');
insert into RecentLocations (customerId, location, lastUsingTIme) values (65, 779924, '2020-03-08 02:48:19');
insert into RecentLocations (customerId, location, lastUsingTIme) values (65, 589686, '2019-05-15 07:26:24');
insert into RecentLocations (customerId, location, lastUsingTIme) values (94, 340275, '2020-04-25 09:52:51');
insert into RecentLocations (customerId, location, lastUsingTIme) values (70, 773226, '2019-09-01 20:11:58');
insert into RecentLocations (customerId, location, lastUsingTIme) values (93, 966100, '2020-01-08 18:42:09');
insert into RecentLocations (customerId, location, lastUsingTIme) values (18, 425268, '2020-01-25 20:12:53');
insert into RecentLocations (customerId, location, lastUsingTIme) values (82, 432746, '2019-10-17 18:36:54');
insert into RecentLocations (customerId, location, lastUsingTIme) values (82, 233674, '2020-04-28 12:15:47');
insert into RecentLocations (customerId, location, lastUsingTIme) values (99, 682117, '2019-12-16 23:08:21');
insert into RecentLocations (customerId, location, lastUsingTIme) values (99, 950833, '2019-12-22 19:37:09');
insert into RecentLocations (customerId, location, lastUsingTIme) values (68, 167833, '2019-08-11 18:18:11');
insert into RecentLocations (customerId, location, lastUsingTIme) values (65, 267774, '2019-11-19 22:21:19');
insert into RecentLocations (customerId, location, lastUsingTIme) values (49, 316189, '2019-09-04 07:03:24');
insert into RecentLocations (customerId, location, lastUsingTIme) values (70, 904528, '2019-12-02 19:19:56');
insert into RecentLocations (customerId, location, lastUsingTIme) values (99, 169551, '2019-07-25 23:27:23');
insert into RecentLocations (customerId, location, lastUsingTIme) values (55, 803947, '2019-11-27 19:22:17');
insert into RecentLocations (customerId, location, lastUsingTIme) values (70, 481767, '2019-11-27 17:57:37');
insert into RecentLocations (customerId, location, lastUsingTIme) values (15, 675228, '2019-05-10 15:49:45');
insert into RecentLocations (customerId, location, lastUsingTIme) values (2, 395687, '2019-05-08 21:42:15');
insert into RecentLocations (customerId, location, lastUsingTIme) values (61, 957334, '2020-04-25 16:57:44');
insert into RecentLocations (customerId, location, lastUsingTIme) values (2, 916662, '2019-09-26 20:02:20');
insert into RecentLocations (customerId, location, lastUsingTIme) values (56, 432809, '2020-04-27 20:11:16');
insert into RecentLocations (customerId, location, lastUsingTIme) values (21, 804569, '2019-07-09 02:45:56');
insert into RecentLocations (customerId, location, lastUsingTIme) values (62, 152495, '2020-02-20 05:54:33');
insert into RecentLocations (customerId, location, lastUsingTIme) values (94, 569568, '2019-08-13 03:14:51');
insert into RecentLocations (customerId, location, lastUsingTIme) values (18, 671513, '2020-03-24 15:41:22');
insert into RecentLocations (customerId, location, lastUsingTIme) values (61, 610703, '2020-01-21 21:03:08');
insert into RecentLocations (customerId, location, lastUsingTIme) values (55, 476770, '2019-12-01 11:54:59');
insert into RecentLocations (customerId, location, lastUsingTIme) values (21, 768785, '2020-03-13 00:41:09');
insert into RecentLocations (customerId, location, lastUsingTIme) values (68, 689791, '2019-07-23 14:04:23');
insert into RecentLocations (customerId, location, lastUsingTIme) values (99, 212184, '2019-07-23 23:34:28');
insert into RecentLocations (customerId, location, lastUsingTIme) values (64, 125254, '2020-01-26 12:53:54');
insert into RecentLocations (customerId, location, lastUsingTIme) values (55, 396788, '2020-04-17 23:37:45');
insert into RecentLocations (customerId, location, lastUsingTIme) values (62, 309200, '2019-08-13 14:36:12');
insert into RecentLocations (customerId, location, lastUsingTIme) values (15, 167634, '2019-08-08 00:20:46');
insert into RecentLocations (customerId, location, lastUsingTIme) values (50, 851490, '2020-02-05 06:40:02');
insert into RecentLocations (customerId, location, lastUsingTIme) values (93, 895261, '2019-12-23 04:50:50');
insert into RecentLocations (customerId, location, lastUsingTIme) values (18, 170229, '2020-03-12 18:07:07');
insert into RecentLocations (customerId, location, lastUsingTIme) values (99, 624900, '2019-09-16 09:04:07');
insert into RecentLocations (customerId, location, lastUsingTIme) values (49, 994987, '2020-03-26 13:05:10');
insert into RecentLocations (customerId, location, lastUsingTIme) values (2, 229250, '2020-01-10 22:02:10');
insert into RecentLocations (customerId, location, lastUsingTIme) values (18, 762959, '2019-08-09 15:20:53');
insert into RecentLocations (customerId, location, lastUsingTIme) values (4, 635214, '2019-05-17 00:41:14');
insert into RecentLocations (customerId, location, lastUsingTIme) values (93, 562359, '2020-04-23 03:09:00');
insert into RecentLocations (customerId, location, lastUsingTIme) values (68, 673543, '2019-05-24 20:44:39');
insert into RecentLocations (customerId, location, lastUsingTIme) values (18, 124472, '2020-01-06 21:59:08');
insert into RecentLocations (customerId, location, lastUsingTIme) values (2, 207209, '2019-10-30 22:00:09');
insert into RecentLocations (customerId, location, lastUsingTIme) values (61, 328264, '2019-12-14 07:23:57');
insert into RecentLocations (customerId, location, lastUsingTIme) values (61, 530414, '2020-02-06 18:44:43');
insert into RecentLocations (customerId, location, lastUsingTIme) values (65, 920746, '2019-11-04 19:19:35');
insert into RecentLocations (customerId, location, lastUsingTIme) values (93, 569615, '2019-09-29 11:14:53');
insert into RecentLocations (customerId, location, lastUsingTIme) values (4, 441456, '2020-05-06 10:00:46');
insert into RecentLocations (customerId, location, lastUsingTIme) values (48, 480296, '2019-07-24 08:39:57');
insert into RecentLocations (customerId, location, lastUsingTIme) values (2, 250979, '2020-02-10 05:42:18');
insert into RecentLocations (customerId, location, lastUsingTIme) values (43, 931635, '2019-08-04 22:07:55');
insert into RecentLocations (customerId, location, lastUsingTIme) values (49, 413934, '2019-10-24 02:14:32');
insert into RecentLocations (customerId, location, lastUsingTIme) values (50, 960363, '2020-01-24 04:39:43');
insert into RecentLocations (customerId, location, lastUsingTIme) values (94, 527332, '2019-11-17 11:49:00');
insert into RecentLocations (customerId, location, lastUsingTIme) values (18, 210190, '2020-03-20 14:55:32');
insert into RecentLocations (customerId, location, lastUsingTIme) values (92, 900322, '2019-12-09 12:05:30');
insert into RecentLocations (customerId, location, lastUsingTIme) values (15, 350697, '2020-03-29 12:44:49');
insert into RecentLocations (customerId, location, lastUsingTIme) values (2, 901314, '2019-12-26 22:42:47');
insert into RecentLocations (customerId, location, lastUsingTIme) values (74, 454037, '2019-08-18 22:38:17');
insert into RecentLocations (customerId, location, lastUsingTIme) values (50, 458197, '2019-06-24 12:48:48');
insert into RecentLocations (customerId, location, lastUsingTIme) values (65, 958052, '2019-12-21 14:24:47');
insert into RecentLocations (customerId, location, lastUsingTIme) values (92, 556101, '2019-05-12 19:23:34');
insert into RecentLocations (customerId, location, lastUsingTIme) values (14, 986137, '2020-01-03 21:01:07');
insert into RecentLocations (customerId, location, lastUsingTIme) values (28, 403694, '2019-08-17 08:38:33');
insert into RecentLocations (customerId, location, lastUsingTIme) values (99, 253386, '2019-08-20 05:32:39');
insert into RecentLocations (customerId, location, lastUsingTIme) values (74, 263077, '2019-12-19 09:50:55');
insert into RecentLocations (customerId, location, lastUsingTIme) values (99, 227639, '2019-12-29 04:57:20');
insert into RecentLocations (customerId, location, lastUsingTIme) values (14, 779588, '2019-07-26 16:48:40');
insert into RecentLocations (customerId, location, lastUsingTIme) values (14, 871780, '2019-08-21 03:39:14');
insert into RecentLocations (customerId, location, lastUsingTIme) values (4, 147389, '2019-10-01 09:15:05');
insert into RecentLocations (customerId, location, lastUsingTIme) values (65, 654856, '2019-12-29 21:03:56');
insert into RecentLocations (customerId, location, lastUsingTIme) values (49, 136917, '2020-02-15 05:07:31');
insert into RecentLocations (customerId, location, lastUsingTIme) values (93, 915113, '2020-03-21 07:10:22');
insert into RecentLocations (customerId, location, lastUsingTIme) values (56, 794650, '2019-08-29 17:40:46');
insert into RecentLocations (customerId, location, lastUsingTIme) values (28, 221764, '2020-01-26 23:42:11');
insert into RecentLocations (customerId, location, lastUsingTIme) values (54, 979598, '2019-12-05 18:45:49');
insert into RecentLocations (customerId, location, lastUsingTIme) values (99, 257699, '2020-04-19 18:47:50');
insert into RecentLocations (customerId, location, lastUsingTIme) values (28, 726981, '2020-01-19 00:10:34');
insert into RecentLocations (customerId, location, lastUsingTIme) values (99, 155448, '2019-06-06 02:07:25');
insert into RecentLocations (customerId, location, lastUsingTIme) values (2, 886987, '2019-12-17 13:28:57');
insert into RecentLocations (customerId, location, lastUsingTIme) values (43, 551509, '2019-07-13 21:34:05');
insert into RecentLocations (customerId, location, lastUsingTIme) values (92, 692730, '2019-05-07 04:07:01');
insert into RecentLocations (customerId, location, lastUsingTIme) values (43, 969280, '2019-07-30 13:05:30');
insert into RecentLocations (customerId, location, lastUsingTIme) values (15, 343588, '2020-03-23 19:54:08');
insert into RecentLocations (customerId, location, lastUsingTIme) values (21, 888358, '2019-05-08 04:14:53');
insert into RecentLocations (customerId, location, lastUsingTIme) values (50, 238293, '2019-05-31 22:22:14');
insert into RecentLocations (customerId, location, lastUsingTIme) values (93, 231051, '2020-03-15 17:56:56');
insert into RecentLocations (customerId, location, lastUsingTIme) values (55, 805157, '2019-09-02 17:16:03');
insert into RecentLocations (customerId, location, lastUsingTIme) values (28, 233767, '2019-09-20 08:10:36');
insert into RecentLocations (customerId, location, lastUsingTIme) values (61, 358294, '2020-01-28 08:18:39');
insert into RecentLocations (customerId, location, lastUsingTIme) values (28, 565116, '2019-10-29 06:48:13');
insert into RecentLocations (customerId, location, lastUsingTIme) values (62, 289176, '2019-09-21 09:04:21');
insert into RecentLocations (customerId, location, lastUsingTIme) values (65, 887782, '2019-06-17 01:57:21');
insert into RecentLocations (customerId, location, lastUsingTIme) values (70, 371421, '2020-02-21 19:07:11');
insert into RecentLocations (customerId, location, lastUsingTIme) values (28, 612972, '2019-10-09 11:28:15');
insert into RecentLocations (customerId, location, lastUsingTIme) values (56, 443576, '2019-09-21 11:54:29');
insert into RecentLocations (customerId, location, lastUsingTIme) values (92, 141391, '2019-09-01 18:19:30');
insert into RecentLocations (customerId, location, lastUsingTIme) values (18, 756307, '2020-04-15 23:59:13');
insert into RecentLocations (customerId, location, lastUsingTIme) values (64, 932694, '2019-10-19 12:16:56');
insert into RecentLocations (customerId, location, lastUsingTIme) values (62, 420157, '2020-01-17 14:03:45');
insert into RecentLocations (customerId, location, lastUsingTIme) values (48, 169543, '2019-08-07 17:41:31');
insert into RecentLocations (customerId, location, lastUsingTIme) values (14, 342795, '2019-08-05 02:42:37');
insert into RecentLocations (customerId, location, lastUsingTIme) values (15, 509651, '2020-04-02 20:47:02');
insert into RecentLocations (customerId, location, lastUsingTIme) values (56, 918954, '2019-11-01 21:32:24');
insert into RecentLocations (customerId, location, lastUsingTIme) values (18, 762483, '2019-11-09 17:30:54');
insert into RecentLocations (customerId, location, lastUsingTIme) values (28, 271847, '2019-12-30 20:20:14');
insert into RecentLocations (customerId, location, lastUsingTIme) values (49, 923513, '2019-05-11 00:01:39');
insert into RecentLocations (customerId, location, lastUsingTIme) values (65, 570842, '2019-11-25 10:28:11');
insert into RecentLocations (customerId, location, lastUsingTIme) values (61, 526087, '2019-05-09 23:13:33');
insert into RecentLocations (customerId, location, lastUsingTIme) values (65, 676013, '2019-11-08 04:18:36');
insert into RecentLocations (customerId, location, lastUsingTIme) values (55, 290062, '2019-07-19 07:34:41');
insert into RecentLocations (customerId, location, lastUsingTIme) values (18, 791505, '2020-03-17 17:26:14');
insert into RecentLocations (customerId, location, lastUsingTIme) values (54, 679116, '2019-07-18 07:58:49');
insert into RecentLocations (customerId, location, lastUsingTIme) values (75, 692832, '2020-01-06 23:54:52');
insert into RecentLocations (customerId, location, lastUsingTIme) values (15, 689329, '2019-06-24 23:07:23');
insert into RecentLocations (customerId, location, lastUsingTIme) values (14, 902778, '2019-05-23 05:12:14');
insert into RecentLocations (customerId, location, lastUsingTIme) values (49, 279176, '2019-07-11 00:01:32');
insert into RecentLocations (customerId, location, lastUsingTIme) values (94, 672488, '2020-02-05 06:58:43');
insert into RecentLocations (customerId, location, lastUsingTIme) values (64, 291201, '2019-09-02 04:30:33');
insert into RecentLocations (customerId, location, lastUsingTIme) values (15, 984391, '2019-10-15 19:56:38');
insert into RecentLocations (customerId, location, lastUsingTIme) values (50, 160371, '2020-02-10 22:09:56');
insert into RecentLocations (customerId, location, lastUsingTIme) values (65, 718085, '2020-01-24 05:15:19');
insert into RecentLocations (customerId, location, lastUsingTIme) values (15, 820529, '2019-05-15 11:46:14');
insert into RecentLocations (customerId, location, lastUsingTIme) values (28, 326359, '2019-07-01 19:57:33');
insert into RecentLocations (customerId, location, lastUsingTIme) values (18, 251803, '2020-02-03 00:54:39');
insert into RecentLocations (customerId, location, lastUsingTIme) values (28, 484066, '2019-12-08 21:50:48');
insert into RecentLocations (customerId, location, lastUsingTIme) values (43, 824900, '2019-08-18 05:57:56');
insert into RecentLocations (customerId, location, lastUsingTIme) values (94, 252220, '2019-06-01 00:24:59');
insert into RecentLocations (customerId, location, lastUsingTIme) values (70, 878327, '2019-07-19 05:58:45');
insert into RecentLocations (customerId, location, lastUsingTIme) values (99, 659269, '2019-05-24 17:12:53');
insert into RecentLocations (customerId, location, lastUsingTIme) values (54, 746203, '2019-10-25 04:10:58');
insert into RecentLocations (customerId, location, lastUsingTIme) values (43, 108934, '2020-04-08 11:57:38');
insert into RecentLocations (customerId, location, lastUsingTIme) values (43, 945337, '2020-03-29 17:51:11');
insert into RecentLocations (customerId, location, lastUsingTIme) values (93, 774546, '2019-07-25 14:30:40');
insert into RecentLocations (customerId, location, lastUsingTIme) values (68, 818758, '2020-04-20 03:21:05');
insert into RecentLocations (customerId, location, lastUsingTIme) values (75, 652529, '2019-10-30 16:29:03');
insert into RecentLocations (customerId, location, lastUsingTIme) values (65, 125086, '2019-06-14 19:22:08');
insert into RecentLocations (customerId, location, lastUsingTIme) values (54, 560984, '2019-10-23 19:58:44');
insert into RecentLocations (customerId, location, lastUsingTIme) values (93, 628248, '2019-09-07 20:46:29');
insert into RecentLocations (customerId, location, lastUsingTIme) values (94, 301401, '2019-08-10 23:19:37');
insert into RecentLocations (customerId, location, lastUsingTIme) values (54, 456938, '2020-03-24 11:55:56');
insert into RecentLocations (customerId, location, lastUsingTIme) values (65, 949547, '2019-08-06 02:20:17');
insert into RecentLocations (customerId, location, lastUsingTIme) values (65, 651310, '2019-06-01 03:01:54');
insert into RecentLocations (customerId, location, lastUsingTIme) values (54, 535519, '2019-12-01 08:42:31');
insert into RecentLocations (customerId, location, lastUsingTIme) values (43, 168495, '2019-12-14 05:36:17');
insert into RecentLocations (customerId, location, lastUsingTIme) values (43, 643969, '2019-05-22 19:17:13');
insert into RecentLocations (customerId, location, lastUsingTIme) values (64, 167107, '2020-04-17 03:46:25');
insert into RecentLocations (customerId, location, lastUsingTIme) values (64, 550891, '2020-04-09 09:22:45');
insert into RecentLocations (customerId, location, lastUsingTIme) values (55, 843589, '2019-06-09 19:20:54');
insert into RecentLocations (customerId, location, lastUsingTIme) values (15, 211702, '2019-06-19 05:26:25');
insert into RecentLocations (customerId, location, lastUsingTIme) values (14, 546507, '2020-04-04 02:02:03');
insert into RecentLocations (customerId, location, lastUsingTIme) values (74, 894088, '2020-04-21 15:01:25');
insert into RecentLocations (customerId, location, lastUsingTIme) values (55, 734450, '2019-11-13 17:59:45');
insert into RecentLocations (customerId, location, lastUsingTIme) values (65, 672494, '2019-12-18 14:08:18');
insert into RecentLocations (customerId, location, lastUsingTIme) values (43, 616561, '2019-11-07 00:06:15');
insert into RecentLocations (customerId, location, lastUsingTIme) values (61, 626627, '2020-01-31 10:55:12');
insert into RecentLocations (customerId, location, lastUsingTIme) values (49, 734794, '2019-12-12 07:14:04');
insert into RecentLocations (customerId, location, lastUsingTIme) values (82, 875322, '2020-03-21 08:34:17');
insert into RecentLocations (customerId, location, lastUsingTIme) values (43, 899050, '2020-04-04 10:59:25');
insert into RecentLocations (customerId, location, lastUsingTIme) values (21, 682770, '2019-06-16 21:24:38');
insert into RecentLocations (customerId, location, lastUsingTIme) values (48, 779074, '2019-07-04 15:31:49');
insert into RecentLocations (customerId, location, lastUsingTIme) values (61, 219414, '2019-06-04 23:02:08');
insert into RecentLocations (customerId, location, lastUsingTIme) values (43, 273443, '2020-01-08 18:31:35');
insert into RecentLocations (customerId, location, lastUsingTIme) values (4, 497196, '2019-12-08 09:41:02');
insert into RecentLocations (customerId, location, lastUsingTIme) values (61, 636346, '2019-12-13 03:51:14');
insert into RecentLocations (customerId, location, lastUsingTIme) values (55, 111292, '2019-11-22 23:43:27');
insert into RecentLocations (customerId, location, lastUsingTIme) values (68, 348533, '2019-07-30 10:03:28');
insert into RecentLocations (customerId, location, lastUsingTIme) values (99, 840837, '2019-10-24 09:14:57');
insert into RecentLocations (customerId, location, lastUsingTIme) values (82, 208473, '2019-06-04 00:37:51');
insert into RecentLocations (customerId, location, lastUsingTIme) values (49, 471355, '2020-04-12 19:39:25');
insert into RecentLocations (customerId, location, lastUsingTIme) values (54, 873410, '2019-08-19 23:30:10');
insert into RecentLocations (customerId, location, lastUsingTIme) values (65, 112825, '2020-01-12 14:29:22');
insert into RecentLocations (customerId, location, lastUsingTIme) values (56, 798807, '2019-12-03 19:21:03');
insert into RecentLocations (customerId, location, lastUsingTIme) values (94, 244988, '2019-10-11 04:46:39');
insert into RecentLocations (customerId, location, lastUsingTIme) values (4, 702345, '2020-04-29 20:23:15');
insert into RecentLocations (customerId, location, lastUsingTIme) values (65, 774502, '2019-06-16 01:43:19');
insert into RecentLocations (customerId, location, lastUsingTIme) values (94, 774985, '2020-02-24 12:52:02');
insert into RecentLocations (customerId, location, lastUsingTIme) values (15, 659056, '2019-09-07 10:29:04');
insert into RecentLocations (customerId, location, lastUsingTIme) values (54, 105779, '2019-10-19 20:13:57');
insert into RecentLocations (customerId, location, lastUsingTIme) values (92, 947010, '2020-04-22 02:06:08');
insert into RecentLocations (customerId, location, lastUsingTIme) values (49, 274694, '2020-04-13 18:16:45');
insert into RecentLocations (customerId, location, lastUsingTIme) values (2, 751348, '2019-09-17 21:42:29');
insert into RecentLocations (customerId, location, lastUsingTIme) values (64, 115536, '2019-11-22 22:44:26');
insert into RecentLocations (customerId, location, lastUsingTIme) values (50, 506318, '2019-09-21 15:51:48');
insert into RecentLocations (customerId, location, lastUsingTIme) values (92, 905957, '2019-11-20 06:07:43');
insert into RecentLocations (customerId, location, lastUsingTIme) values (21, 762047, '2019-11-18 16:40:38');
insert into RecentLocations (customerId, location, lastUsingTIme) values (15, 127946, '2019-12-04 10:36:01');
insert into RecentLocations (customerId, location, lastUsingTIme) values (92, 787407, '2020-01-11 06:42:11');
insert into RecentLocations (customerId, location, lastUsingTIme) values (56, 555094, '2019-07-11 20:34:00');
insert into RecentLocations (customerId, location, lastUsingTIme) values (48, 778009, '2020-04-30 23:26:09');
insert into RecentLocations (customerId, location, lastUsingTIme) values (49, 237006, '2020-01-02 10:23:59');
insert into RecentLocations (customerId, location, lastUsingTIme) values (65, 378560, '2020-03-01 03:12:00');
insert into RecentLocations (customerId, location, lastUsingTIme) values (56, 599740, '2019-12-18 15:10:38');
insert into RecentLocations (customerId, location, lastUsingTIme) values (75, 856704, '2020-01-19 21:25:26');
insert into RecentLocations (customerId, location, lastUsingTIme) values (18, 588933, '2019-07-26 02:46:19');
insert into RecentLocations (customerId, location, lastUsingTIme) values (21, 514970, '2020-03-20 00:29:11');
insert into RecentLocations (customerId, location, lastUsingTIme) values (62, 483239, '2019-09-03 13:42:06');
insert into RecentLocations (customerId, location, lastUsingTIme) values (43, 779850, '2020-01-09 17:53:31');
insert into RecentLocations (customerId, location, lastUsingTIme) values (61, 739006, '2019-09-08 12:40:20');
insert into RecentLocations (customerId, location, lastUsingTIme) values (93, 591284, '2019-06-10 06:35:39');
insert into RecentLocations (customerId, location, lastUsingTIme) values (82, 102336, '2019-06-07 06:29:18');
insert into RecentLocations (customerId, location, lastUsingTIme) values (62, 954295, '2020-04-22 15:53:56');
insert into RecentLocations (customerId, location, lastUsingTIme) values (99, 295051, '2020-03-25 00:28:11');
insert into RecentLocations (customerId, location, lastUsingTIme) values (49, 662735, '2019-08-07 03:08:56');
insert into RecentLocations (customerId, location, lastUsingTIme) values (92, 593008, '2019-10-10 22:29:22');
insert into RecentLocations (customerId, location, lastUsingTIme) values (2, 903540, '2019-07-17 23:42:03');
insert into RecentLocations (customerId, location, lastUsingTIme) values (4, 743986, '2019-07-21 14:40:15');
insert into RecentLocations (customerId, location, lastUsingTIme) values (21, 880514, '2019-06-05 10:25:59');
insert into RecentLocations (customerId, location, lastUsingTIme) values (28, 567076, '2019-11-04 13:26:02');
insert into RecentLocations (customerId, location, lastUsingTIme) values (75, 169799, '2019-10-22 21:34:39');
insert into RecentLocations (customerId, location, lastUsingTIme) values (50, 541364, '2020-02-23 17:28:14');
insert into RecentLocations (customerId, location, lastUsingTIme) values (54, 101815, '2019-09-12 07:59:53');
insert into RecentLocations (customerId, location, lastUsingTIme) values (99, 996623, '2019-08-09 03:47:43');
insert into RecentLocations (customerId, location, lastUsingTIme) values (15, 290542, '2020-04-14 02:44:16');
insert into RecentLocations (customerId, location, lastUsingTIme) values (92, 689708, '2020-02-07 06:44:05');
insert into RecentLocations (customerId, location, lastUsingTIme) values (54, 361588, '2020-03-17 07:02:27');
insert into RecentLocations (customerId, location, lastUsingTIme) values (56, 723101, '2020-02-19 21:22:54');
insert into RecentLocations (customerId, location, lastUsingTIme) values (68, 560584, '2019-06-21 07:53:19');
insert into RecentLocations (customerId, location, lastUsingTIme) values (28, 625426, '2019-08-14 06:17:26');
insert into RecentLocations (customerId, location, lastUsingTIme) values (15, 278567, '2020-01-01 19:35:42');
insert into RecentLocations (customerId, location, lastUsingTIme) values (75, 118073, '2019-11-01 08:00:37');
insert into RecentLocations (customerId, location, lastUsingTIme) values (56, 620800, '2020-01-05 01:42:59');
insert into RecentLocations (customerId, location, lastUsingTIme) values (82, 510594, '2019-12-20 11:36:53');
insert into RecentLocations (customerId, location, lastUsingTIme) values (15, 496236, '2019-08-15 11:20:50');
insert into RecentLocations (customerId, location, lastUsingTIme) values (93, 121071, '2020-03-29 04:33:27');
insert into RecentLocations (customerId, location, lastUsingTIme) values (4, 982063, '2019-09-26 01:54:06');
insert into RecentLocations (customerId, location, lastUsingTIme) values (70, 895766, '2019-10-02 13:44:21');
insert into RecentLocations (customerId, location, lastUsingTIme) values (55, 718000, '2020-05-04 12:55:27');
insert into RecentLocations (customerId, location, lastUsingTIme) values (65, 794588, '2019-05-09 13:51:01');
insert into RecentLocations (customerId, location, lastUsingTIme) values (68, 226930, '2019-12-08 15:10:16');
insert into RecentLocations (customerId, location, lastUsingTIme) values (2, 374850, '2019-12-15 22:35:06');
insert into RecentLocations (customerId, location, lastUsingTIme) values (48, 904700, '2020-01-23 20:18:54');
insert into RecentLocations (customerId, location, lastUsingTIme) values (62, 922026, '2020-01-01 10:48:42');
insert into RecentLocations (customerId, location, lastUsingTIme) values (74, 882604, '2019-09-16 15:51:42');
insert into RecentLocations (customerId, location, lastUsingTIme) values (56, 955090, '2019-08-05 21:53:35');
insert into RecentLocations (customerId, location, lastUsingTIme) values (28, 701663, '2019-08-18 08:51:22');
insert into RecentLocations (customerId, location, lastUsingTIme) values (68, 716317, '2019-06-11 17:07:19');
insert into RecentLocations (customerId, location, lastUsingTIme) values (74, 774039, '2019-11-07 00:24:31');
insert into RecentLocations (customerId, location, lastUsingTIme) values (14, 528348, '2020-01-18 19:28:33');
insert into RecentLocations (customerId, location, lastUsingTIme) values (61, 741026, '2019-09-11 08:13:09');
insert into RecentLocations (customerId, location, lastUsingTIme) values (82, 389367, '2019-06-11 09:42:08');
insert into RecentLocations (customerId, location, lastUsingTIme) values (21, 558951, '2020-03-06 03:46:38');
insert into RecentLocations (customerId, location, lastUsingTIme) values (93, 750739, '2020-04-14 12:58:49');
insert into RecentLocations (customerId, location, lastUsingTIme) values (4, 508974, '2019-10-17 15:25:39');
insert into RecentLocations (customerId, location, lastUsingTIme) values (49, 961737, '2019-06-28 01:05:08');
insert into RecentLocations (customerId, location, lastUsingTIme) values (92, 488549, '2019-06-22 04:49:10');
insert into RecentLocations (customerId, location, lastUsingTIme) values (48, 279024, '2019-11-17 18:42:52');
insert into RecentLocations (customerId, location, lastUsingTIme) values (15, 235043, '2020-04-30 02:09:00');
insert into RecentLocations (customerId, location, lastUsingTIme) values (75, 977559, '2020-04-24 10:57:54');
insert into RecentLocations (customerId, location, lastUsingTIme) values (61, 880151, '2019-05-29 21:13:43');
insert into RecentLocations (customerId, location, lastUsingTIme) values (48, 447323, '2019-08-13 09:27:14');
insert into RecentLocations (customerId, location, lastUsingTIme) values (2, 352435, '2019-08-01 05:00:43');
insert into RecentLocations (customerId, location, lastUsingTIme) values (74, 301958, '2020-04-03 03:15:20');
insert into RecentLocations (customerId, location, lastUsingTIme) values (43, 514101, '2019-07-10 07:36:13');
insert into RecentLocations (customerId, location, lastUsingTIme) values (62, 738579, '2019-12-26 17:56:58');
insert into RecentLocations (customerId, location, lastUsingTIme) values (43, 620779, '2019-07-25 20:18:18');
insert into RecentLocations (customerId, location, lastUsingTIme) values (54, 793948, '2019-05-10 06:04:50');
insert into RecentLocations (customerId, location, lastUsingTIme) values (82, 627509, '2019-10-18 05:04:47');
insert into RecentLocations (customerId, location, lastUsingTIme) values (82, 662927, '2020-01-01 19:11:11');
insert into RecentLocations (customerId, location, lastUsingTIme) values (50, 135093, '2019-12-01 11:17:01');
insert into RecentLocations (customerId, location, lastUsingTIme) values (21, 333363, '2019-06-12 20:45:32');
insert into RecentLocations (customerId, location, lastUsingTIme) values (75, 960520, '2019-08-21 09:21:00');
insert into RecentLocations (customerId, location, lastUsingTIme) values (92, 161736, '2019-11-28 13:24:01');
insert into RecentLocations (customerId, location, lastUsingTIme) values (28, 434872, '2020-03-01 21:04:59');
insert into RecentLocations (customerId, location, lastUsingTIme) values (93, 351251, '2019-12-19 03:59:29');
insert into RecentLocations (customerId, location, lastUsingTIme) values (43, 687670, '2019-09-24 19:31:42');
insert into RecentLocations (customerId, location, lastUsingTIme) values (48, 524332, '2019-08-07 08:03:13');
insert into RecentLocations (customerId, location, lastUsingTIme) values (4, 685909, '2020-02-17 13:24:20');
insert into RecentLocations (customerId, location, lastUsingTIme) values (93, 185028, '2020-03-23 12:05:14');
insert into RecentLocations (customerId, location, lastUsingTIme) values (55, 868104, '2019-07-08 00:23:40');
insert into RecentLocations (customerId, location, lastUsingTIme) values (50, 804711, '2019-08-24 19:11:16');
insert into RecentLocations (customerId, location, lastUsingTIme) values (2, 138135, '2020-02-12 20:48:27');
insert into RecentLocations (customerId, location, lastUsingTIme) values (75, 673439, '2020-01-11 04:35:39');
insert into RecentLocations (customerId, location, lastUsingTIme) values (56, 471778, '2019-08-26 12:09:58');
insert into RecentLocations (customerId, location, lastUsingTIme) values (43, 385506, '2019-06-01 04:39:12');
insert into RecentLocations (customerId, location, lastUsingTIme) values (65, 500403, '2019-09-14 13:29:49');
insert into RecentLocations (customerId, location, lastUsingTIme) values (4, 834222, '2019-11-18 01:04:52');
insert into RecentLocations (customerId, location, lastUsingTIme) values (15, 706930, '2019-09-16 08:15:19');
insert into RecentLocations (customerId, location, lastUsingTIme) values (61, 128929, '2020-02-29 21:36:38');
insert into RecentLocations (customerId, location, lastUsingTIme) values (14, 670468, '2020-03-27 17:46:46');
insert into RecentLocations (customerId, location, lastUsingTIme) values (54, 237698, '2019-06-05 01:18:28');
insert into RecentLocations (customerId, location, lastUsingTIme) values (75, 478892, '2020-02-23 01:56:11');
insert into RecentLocations (customerId, location, lastUsingTIme) values (15, 868354, '2020-01-28 07:03:09');
insert into RecentLocations (customerId, location, lastUsingTIme) values (82, 500457, '2020-03-04 23:46:24');
insert into RecentLocations (customerId, location, lastUsingTIme) values (64, 904527, '2019-06-15 09:06:34');
insert into RecentLocations (customerId, location, lastUsingTIme) values (54, 484890, '2020-01-27 15:37:12');
insert into RecentLocations (customerId, location, lastUsingTIme) values (2, 682898, '2019-06-01 01:51:42');
insert into RecentLocations (customerId, location, lastUsingTIme) values (15, 670103, '2020-03-02 14:35:10');
insert into RecentLocations (customerId, location, lastUsingTIme) values (70, 246165, '2020-01-06 20:19:06');
insert into RecentLocations (customerId, location, lastUsingTIme) values (18, 220214, '2020-02-19 04:31:14');
insert into RecentLocations (customerId, location, lastUsingTIme) values (68, 311110, '2019-08-31 12:24:17');
insert into RecentLocations (customerId, location, lastUsingTIme) values (54, 839983, '2020-01-19 01:23:58');
insert into RecentLocations (customerId, location, lastUsingTIme) values (2, 128544, '2020-04-25 10:11:57');
insert into RecentLocations (customerId, location, lastUsingTIme) values (61, 906754, '2019-09-27 01:14:13');
insert into RecentLocations (customerId, location, lastUsingTIme) values (49, 902097, '2019-08-01 22:13:12');
insert into RecentLocations (customerId, location, lastUsingTIme) values (56, 932799, '2019-12-09 00:13:43');


/*WWS DB*/
insert into WWS (workId, riderId, startDate, endDate, baseSalary) values (1, 44, '2020-06-08 00:00:00', null, '166.26');
insert into WWS (workId, riderId, startDate, endDate, baseSalary) values (2, 47, '2020-06-16 00:00:00', null, '126.74');
insert into WWS (workId, riderId, startDate, endDate, baseSalary) values (3, 47, '2020-06-19 00:00:00', null, '141.33');
insert into WWS (workId, riderId, startDate, endDate, baseSalary) values (4, 87, '2020-06-25 00:00:00', null, '124.18');
insert into WWS (workId, riderId, startDate, endDate, baseSalary) values (5, 3, '2020-06-12 00:00:00', null, '162.66');
insert into WWS (workId, riderId, startDate, endDate, baseSalary) values (6, 67, '2020-06-26 00:00:00', null, '196.10');
insert into WWS (workId, riderId, startDate, endDate, baseSalary) values (7, 17, '2020-06-20 00:00:00', null, '155.97');
insert into WWS (workId, riderId, startDate, endDate, baseSalary) values (8, 91, '2020-06-30 00:00:00', null, '182.15');
insert into WWS (workId, riderId, startDate, endDate, baseSalary) values (9, 67, '2020-06-18 00:00:00', null, '102.22');
insert into WWS (workId, riderId, startDate, endDate, baseSalary) values (10, 91, '2020-06-28 00:00:00', null, '181.01');
insert into WWS (workId, riderId, startDate, endDate, baseSalary) values (11, 44, '2020-07-03 00:00:00', null, '111.17');
insert into WWS (workId, riderId, startDate, endDate, baseSalary) values (12, 3, '2020-06-21 00:00:00', null, '138.31');
insert into WWS (workId, riderId, startDate, endDate, baseSalary) values (13, 91, '2020-06-25 00:00:00', null, '176.37');
insert into WWS (workId, riderId, startDate, endDate, baseSalary) values (14, 17, '2020-06-29 00:00:00', null, '121.54');
insert into WWS (workId, riderId, startDate, endDate, baseSalary) values (15, 44, '2020-06-20 00:00:00', null, '191.25');
insert into WWS (workId, riderId, startDate, endDate, baseSalary) values (16, 26, '2020-06-24 00:00:00', null, '154.60');
insert into WWS (workId, riderId, startDate, endDate, baseSalary) values (17, 67, '2020-06-22 00:00:00', null, '157.16');
insert into WWS (workId, riderId, startDate, endDate, baseSalary) values (18, 26, '2020-06-24 00:00:00', null, '106.74');
insert into WWS (workId, riderId, startDate, endDate, baseSalary) values (19, 67, '2020-06-27 00:00:00', null, '165.28');
insert into WWS (workId, riderId, startDate, endDate, baseSalary) values (20, 87, '2020-07-09 00:00:00', null, '168.72');
insert into WWS (workId, riderId, startDate, endDate, baseSalary) values (21, 67, '2020-07-11 00:00:00', null, '124.83');
insert into WWS (workId, riderId, startDate, endDate, baseSalary) values (22, 79, '2020-07-03 00:00:00', null, '187.03');
insert into WWS (workId, riderId, startDate, endDate, baseSalary) values (23, 26, '2020-07-08 00:00:00', null, '108.40');
insert into WWS (workId, riderId, startDate, endDate, baseSalary) values (24, 47, '2020-07-13 00:00:00', null, '100.32');
insert into WWS (workId, riderId, startDate, endDate, baseSalary) values (25, 67, '2020-07-19 00:00:00', null, '137.91');
insert into WWS (workId, riderId, startDate, endDate, baseSalary) values (26, 17, '2020-07-23 00:00:00', null, '140.94');
insert into WWS (workId, riderId, startDate, endDate, baseSalary) values (27, 13, '2020-07-14 00:00:00', null, '139.73');
insert into WWS (workId, riderId, startDate, endDate, baseSalary) values (28, 17, '2020-07-15 00:00:00', null, '199.29');
insert into WWS (workId, riderId, startDate, endDate, baseSalary) values (29, 47, '2020-07-21 00:00:00', null, '117.51');
insert into WWS (workId, riderId, startDate, endDate, baseSalary) values (30, 13, '2020-07-27 00:00:00', null, '171.29');
insert into WWS (workId, riderId, startDate, endDate, baseSalary) values (31, 13, '2020-07-10 00:00:00', null, '171.90');
insert into WWS (workId, riderId, startDate, endDate, baseSalary) values (32, 87, '2020-07-10 00:00:00', null, '174.14');
insert into WWS (workId, riderId, startDate, endDate, baseSalary) values (33, 87, '2020-07-30 00:00:00', null, '134.18');
insert into WWS (workId, riderId, startDate, endDate, baseSalary) values (34, 67, '2020-07-10 00:00:00', null, '120.49');
insert into WWS (workId, riderId, startDate, endDate, baseSalary) values (35, 67, '2020-07-14 00:00:00', null, '114.93');
insert into WWS (workId, riderId, startDate, endDate, baseSalary) values (36, 87, '2020-07-20 00:00:00', null, '132.55');
insert into WWS (workId, riderId, startDate, endDate, baseSalary) values (37, 67, '2020-07-28 00:00:00', null, '171.32');
insert into WWS (workId, riderId, startDate, endDate, baseSalary) values (38, 13, '2020-07-29 00:00:00', null, '104.25');
insert into WWS (workId, riderId, startDate, endDate, baseSalary) values (39, 44, '2020-08-05 00:00:00', null, '100.59');
insert into WWS (workId, riderId, startDate, endDate, baseSalary) values (40, 67, '2020-07-23 00:00:00', null, '140.76');
insert into WWS (workId, riderId, startDate, endDate, baseSalary) values (41, 13, '2020-07-29 00:00:00', null, '106.88');
insert into WWS (workId, riderId, startDate, endDate, baseSalary) values (42, 47, '2020-07-28 00:00:00', null, '199.46');
insert into WWS (workId, riderId, startDate, endDate, baseSalary) values (43, 44, '2020-07-29 00:00:00', null, '170.15');
insert into WWS (workId, riderId, startDate, endDate, baseSalary) values (44, 67, '2020-07-22 00:00:00', null, '151.87');
insert into WWS (workId, riderId, startDate, endDate, baseSalary) values (45, 87, '2020-08-11 00:00:00', null, '187.86');
insert into WWS (workId, riderId, startDate, endDate, baseSalary) values (46, 91, '2020-07-22 00:00:00', null, '149.53');
insert into WWS (workId, riderId, startDate, endDate, baseSalary) values (47, 17, '2020-07-30 00:00:00', null, '187.68');
insert into WWS (workId, riderId, startDate, endDate, baseSalary) values (48, 91, '2020-08-08 00:00:00', null, '147.60');
insert into WWS (workId, riderId, startDate, endDate, baseSalary) values (49, 91, '2020-07-31 00:00:00', null, '159.96');
insert into WWS (workId, riderId, startDate, endDate, baseSalary) values (50, 26, '2020-08-15 00:00:00', null, '164.55');


/*WWS SCHEDULE DB*/
/* NOTE: ALOT OF CONFLICTS DUE TO TRIGGERS TO OUTPUT CORRECT SCHEDULES*/
insert into WWS_Schedules (workId, weekDay, startTime, endTime) values (32, 'SUNDAY', 21, 22);
insert into WWS_Schedules (workId, weekDay, startTime, endTime) values (13, 'MONDAY', 20, 22);
insert into WWS_Schedules (workId, weekDay, startTime, endTime) values (36, 'TUESDAY', 10, 19);
insert into WWS_Schedules (workId, weekDay, startTime, endTime) values (33, 'MONDAY', 17, 21);
insert into WWS_Schedules (workId, weekDay, startTime, endTime) values (12, 'MONDAY', 19, 20);
insert into WWS_Schedules (workId, weekDay, startTime, endTime) values (38, 'SATURDAY', 11, 18);
insert into WWS_Schedules (workId, weekDay, startTime, endTime) values (20, 'MONDAY', 19, 21);
insert into WWS_Schedules (workId, weekDay, startTime, endTime) values (33, 'TUESDAY', 21, 22);
insert into WWS_Schedules (workId, weekDay, startTime, endTime) values (34, 'FRIDAY', 14, 15);
insert into WWS_Schedules (workId, weekDay, startTime, endTime) values (36, 'SUNDAY', 17, 18);
insert into WWS_Schedules (workId, weekDay, startTime, endTime) values (31, 'MONDAY', 11, 17);
insert into WWS_Schedules (workId, weekDay, startTime, endTime) values (31, 'TUESDAY', 15, 22);
insert into WWS_Schedules (workId, weekDay, startTime, endTime) values (48, 'SATURDAY', 19, 22);
insert into WWS_Schedules (workId, weekDay, startTime, endTime) values (1, 'FRIDAY', 18, 20);
insert into WWS_Schedules (workId, weekDay, startTime, endTime) values (16, 'SATURDAY', 20, 22);
insert into WWS_Schedules (workId, weekDay, startTime, endTime) values (44, 'FRIDAY', 15, 16);
insert into WWS_Schedules (workId, weekDay, startTime, endTime) values (41, 'SATURDAY', 18, 20);
insert into WWS_Schedules (workId, weekDay, startTime, endTime) values (40, 'SATURDAY', 13, 18);
insert into WWS_Schedules (workId, weekDay, startTime, endTime) values (8, 'SUNDAY', 22, 22);
insert into WWS_Schedules (workId, weekDay, startTime, endTime) values (25, 'SATURDAY', 13, 22);
insert into WWS_Schedules (workId, weekDay, startTime, endTime) values (38, 'SATURDAY', 14, 21);
insert into WWS_Schedules (workId, weekDay, startTime, endTime) values (43, 'FRIDAY', 11, 22);
insert into WWS_Schedules (workId, weekDay, startTime, endTime) values (38, 'THURSDAY', 14, 16);
insert into WWS_Schedules (workId, weekDay, startTime, endTime) values (49, 'MONDAY', 15, 19);
insert into WWS_Schedules (workId, weekDay, startTime, endTime) values (3, 'FRIDAY', 18, 19);
insert into WWS_Schedules (workId, weekDay, startTime, endTime) values (2, 'FRIDAY', 11, 15);
insert into WWS_Schedules (workId, weekDay, startTime, endTime) values (40, 'SUNDAY', 21, 22);
insert into WWS_Schedules (workId, weekDay, startTime, endTime) values (43, 'TUESDAY', 18, 20);
insert into WWS_Schedules (workId, weekDay, startTime, endTime) values (2, 'MONDAY', 20, 22);
insert into WWS_Schedules (workId, weekDay, startTime, endTime) values (50, 'TUESDAY', 17, 20);
insert into WWS_Schedules (workId, weekDay, startTime, endTime) values (18, 'SUNDAY', 13, 16);
insert into WWS_Schedules (workId, weekDay, startTime, endTime) values (17, 'THURSDAY', 13, 14);
insert into WWS_Schedules (workId, weekDay, startTime, endTime) values (11, 'MONDAY', 16, 17);
insert into WWS_Schedules (workId, weekDay, startTime, endTime) values (31, 'SATURDAY', 16, 21);
insert into WWS_Schedules (workId, weekDay, startTime, endTime) values (32, 'SATURDAY', 16, 17);
insert into WWS_Schedules (workId, weekDay, startTime, endTime) values (4, 'MONDAY', 20, 21);
insert into WWS_Schedules (workId, weekDay, startTime, endTime) values (11, 'FRIDAY', 11, 15);
insert into WWS_Schedules (workId, weekDay, startTime, endTime) values (27, 'THURSDAY', 10, 22);
insert into WWS_Schedules (workId, weekDay, startTime, endTime) values (42, 'THURSDAY', 19, 21);
insert into WWS_Schedules (workId, weekDay, startTime, endTime) values (6, 'SATURDAY', 16, 19);
insert into WWS_Schedules (workId, weekDay, startTime, endTime) values (30, 'FRIDAY', 20, 21);
insert into WWS_Schedules (workId, weekDay, startTime, endTime) values (46, 'SUNDAY', 17, 19);
insert into WWS_Schedules (workId, weekDay, startTime, endTime) values (49, 'SUNDAY', 13, 17);
insert into WWS_Schedules (workId, weekDay, startTime, endTime) values (32, 'FRIDAY', 21, 22);
insert into WWS_Schedules (workId, weekDay, startTime, endTime) values (3, 'WEDNESDAY', 20, 22);
insert into WWS_Schedules (workId, weekDay, startTime, endTime) values (34, 'THURSDAY', 18, 22);
insert into WWS_Schedules (workId, weekDay, startTime, endTime) values (29, 'WEDNESDAY', 11, 13);
insert into WWS_Schedules (workId, weekDay, startTime, endTime) values (40, 'FRIDAY', 10, 17);
insert into WWS_Schedules (workId, weekDay, startTime, endTime) values (42, 'WEDNESDAY', 21, 22);
insert into WWS_Schedules (workId, weekDay, startTime, endTime) values (24, 'WEDNESDAY', 12, 22);
insert into WWS_Schedules (workId, weekDay, startTime, endTime) values (5, 'TUESDAY', 20, 21);
insert into WWS_Schedules (workId, weekDay, startTime, endTime) values (15, 'WEDNESDAY', 19, 22);
insert into WWS_Schedules (workId, weekDay, startTime, endTime) values (27, 'FRIDAY', 12, 19);
insert into WWS_Schedules (workId, weekDay, startTime, endTime) values (40, 'SATURDAY', 17, 18);
insert into WWS_Schedules (workId, weekDay, startTime, endTime) values (49, 'TUESDAY', 12, 21);
insert into WWS_Schedules (workId, weekDay, startTime, endTime) values (17, 'WEDNESDAY', 11, 20);
insert into WWS_Schedules (workId, weekDay, startTime, endTime) values (26, 'TUESDAY', 10, 18);
insert into WWS_Schedules (workId, weekDay, startTime, endTime) values (27, 'SUNDAY', 22, 22);
insert into WWS_Schedules (workId, weekDay, startTime, endTime) values (16, 'SUNDAY', 18, 21);
insert into WWS_Schedules (workId, weekDay, startTime, endTime) values (33, 'WEDNESDAY', 13, 17);
insert into WWS_Schedules (workId, weekDay, startTime, endTime) values (9, 'SATURDAY', 15, 16);
insert into WWS_Schedules (workId, weekDay, startTime, endTime) values (7, 'SATURDAY', 11, 12);
insert into WWS_Schedules (workId, weekDay, startTime, endTime) values (23, 'THURSDAY', 10, 20);
insert into WWS_Schedules (workId, weekDay, startTime, endTime) values (20, 'THURSDAY', 22, 22);
insert into WWS_Schedules (workId, weekDay, startTime, endTime) values (44, 'THURSDAY', 14, 16);
insert into WWS_Schedules (workId, weekDay, startTime, endTime) values (4, 'THURSDAY', 19, 22);
insert into WWS_Schedules (workId, weekDay, startTime, endTime) values (41, 'MONDAY', 17, 19);
insert into WWS_Schedules (workId, weekDay, startTime, endTime) values (3, 'SATURDAY', 14, 21);
insert into WWS_Schedules (workId, weekDay, startTime, endTime) values (45, 'MONDAY', 10, 14);
insert into WWS_Schedules (workId, weekDay, startTime, endTime) values (3, 'FRIDAY', 11, 18);
insert into WWS_Schedules (workId, weekDay, startTime, endTime) values (28, 'FRIDAY', 12, 22);
insert into WWS_Schedules (workId, weekDay, startTime, endTime) values (16, 'MONDAY', 14, 21);
insert into WWS_Schedules (workId, weekDay, startTime, endTime) values (19, 'FRIDAY', 22, 22);
insert into WWS_Schedules (workId, weekDay, startTime, endTime) values (48, 'MONDAY', 21, 22);
insert into WWS_Schedules (workId, weekDay, startTime, endTime) values (21, 'FRIDAY', 14, 19);
insert into WWS_Schedules (workId, weekDay, startTime, endTime) values (14, 'WEDNESDAY', 20, 22);
insert into WWS_Schedules (workId, weekDay, startTime, endTime) values (35, 'FRIDAY', 18, 21);
insert into WWS_Schedules (workId, weekDay, startTime, endTime) values (27, 'WEDNESDAY', 20, 22);
insert into WWS_Schedules (workId, weekDay, startTime, endTime) values (46, 'SUNDAY', 20, 22);
insert into WWS_Schedules (workId, weekDay, startTime, endTime) values (12, 'WEDNESDAY', 19, 21);
insert into WWS_Schedules (workId, weekDay, startTime, endTime) values (25, 'TUESDAY', 10, 17);
insert into WWS_Schedules (workId, weekDay, startTime, endTime) values (37, 'MONDAY', 16, 21);
insert into WWS_Schedules (workId, weekDay, startTime, endTime) values (12, 'MONDAY', 11, 16);
insert into WWS_Schedules (workId, weekDay, startTime, endTime) values (25, 'FRIDAY', 22, 23);
insert into WWS_Schedules (workId, weekDay, startTime, endTime) values (2, 'TUESDAY', 19, 20);
insert into WWS_Schedules (workId, weekDay, startTime, endTime) values (15, 'THURSDAY', 16, 21);
insert into WWS_Schedules (workId, weekDay, startTime, endTime) values (39, 'FRIDAY', 19, 21);
insert into WWS_Schedules (workId, weekDay, startTime, endTime) values (32, 'SUNDAY', 19, 20);
insert into WWS_Schedules (workId, weekDay, startTime, endTime) values (49, 'MONDAY', 20, 22);
insert into WWS_Schedules (workId, weekDay, startTime, endTime) values (27, 'MONDAY', 15, 20);
insert into WWS_Schedules (workId, weekDay, startTime, endTime) values (19, 'TUESDAY', 15, 17);
insert into WWS_Schedules (workId, weekDay, startTime, endTime) values (40, 'THURSDAY', 14, 20);
insert into WWS_Schedules (workId, weekDay, startTime, endTime) values (23, 'SATURDAY', 16, 17);
insert into WWS_Schedules (workId, weekDay, startTime, endTime) values (34, 'THURSDAY', 15, 18);
insert into WWS_Schedules (workId, weekDay, startTime, endTime) values (29, 'SATURDAY', 10, 12);
insert into WWS_Schedules (workId, weekDay, startTime, endTime) values (3, 'THURSDAY', 15, 16);
insert into WWS_Schedules (workId, weekDay, startTime, endTime) values (28, 'MONDAY', 15, 21);
insert into WWS_Schedules (workId, weekDay, startTime, endTime) values (41, 'SATURDAY', 11, 20);
insert into WWS_Schedules (workId, weekDay, startTime, endTime) values (14, 'FRIDAY', 15, 21);
insert into WWS_Schedules (workId, weekDay, startTime, endTime) values (27, 'FRIDAY', 16, 22);
insert into WWS_Schedules (workId, weekDay, startTime, endTime) values (27, 'SATURDAY', 20, 22);
insert into WWS_Schedules (workId, weekDay, startTime, endTime) values (35, 'TUESDAY', 10, 16);
insert into WWS_Schedules (workId, weekDay, startTime, endTime) values (32, 'SATURDAY', 20, 22);
insert into WWS_Schedules (workId, weekDay, startTime, endTime) values (3, 'TUESDAY', 10, 11);
insert into WWS_Schedules (workId, weekDay, startTime, endTime) values (7, 'SATURDAY', 17, 19);
insert into WWS_Schedules (workId, weekDay, startTime, endTime) values (21, 'MONDAY', 13, 20);
insert into WWS_Schedules (workId, weekDay, startTime, endTime) values (37, 'SATURDAY', 11, 14);
insert into WWS_Schedules (workId, weekDay, startTime, endTime) values (14, 'FRIDAY', 11, 21);
insert into WWS_Schedules (workId, weekDay, startTime, endTime) values (50, 'SUNDAY', 10, 21);
insert into WWS_Schedules (workId, weekDay, startTime, endTime) values (39, 'TUESDAY', 11, 13);
insert into WWS_Schedules (workId, weekDay, startTime, endTime) values (43, 'SUNDAY', 21, 22);
insert into WWS_Schedules (workId, weekDay, startTime, endTime) values (5, 'WEDNESDAY', 13, 21);
insert into WWS_Schedules (workId, weekDay, startTime, endTime) values (38, 'SUNDAY', 18, 22);
insert into WWS_Schedules (workId, weekDay, startTime, endTime) values (34, 'MONDAY', 16, 20);
insert into WWS_Schedules (workId, weekDay, startTime, endTime) values (18, 'SATURDAY', 14, 17);
insert into WWS_Schedules (workId, weekDay, startTime, endTime) values (22, 'THURSDAY', 20, 22);
insert into WWS_Schedules (workId, weekDay, startTime, endTime) values (35, 'SUNDAY', 22, 23);
insert into WWS_Schedules (workId, weekDay, startTime, endTime) values (36, 'FRIDAY', 20, 22);
insert into WWS_Schedules (workId, weekDay, startTime, endTime) values (50, 'THURSDAY', 15, 18);
insert into WWS_Schedules (workId, weekDay, startTime, endTime) values (38, 'SUNDAY', 10, 12);
insert into WWS_Schedules (workId, weekDay, startTime, endTime) values (1, 'SATURDAY', 20, 22);
insert into WWS_Schedules (workId, weekDay, startTime, endTime) values (50, 'SUNDAY', 14, 19);
insert into WWS_Schedules (workId, weekDay, startTime, endTime) values (32, 'THURSDAY', 22, 23);
insert into WWS_Schedules (workId, weekDay, startTime, endTime) values (22, 'SUNDAY', 19, 20);
insert into WWS_Schedules (workId, weekDay, startTime, endTime) values (4, 'THURSDAY', 22, 22);
insert into WWS_Schedules (workId, weekDay, startTime, endTime) values (41, 'SUNDAY', 22, 22);
insert into WWS_Schedules (workId, weekDay, startTime, endTime) values (8, 'MONDAY', 13, 17);
insert into WWS_Schedules (workId, weekDay, startTime, endTime) values (3, 'TUESDAY', 19, 22);
insert into WWS_Schedules (workId, weekDay, startTime, endTime) values (49, 'WEDNESDAY', 20, 21);
insert into WWS_Schedules (workId, weekDay, startTime, endTime) values (22, 'SATURDAY', 11, 12);
insert into WWS_Schedules (workId, weekDay, startTime, endTime) values (25, 'THURSDAY', 20, 22);
insert into WWS_Schedules (workId, weekDay, startTime, endTime) values (3, 'SATURDAY', 10, 20);
insert into WWS_Schedules (workId, weekDay, startTime, endTime) values (9, 'SUNDAY', 10, 13);
insert into WWS_Schedules (workId, weekDay, startTime, endTime) values (22, 'SATURDAY', 11, 13);
insert into WWS_Schedules (workId, weekDay, startTime, endTime) values (26, 'TUESDAY', 22, 22);
insert into WWS_Schedules (workId, weekDay, startTime, endTime) values (33, 'THURSDAY', 15, 18);
insert into WWS_Schedules (workId, weekDay, startTime, endTime) values (19, 'THURSDAY', 16, 18);
insert into WWS_Schedules (workId, weekDay, startTime, endTime) values (5, 'WEDNESDAY', 10, 15);
insert into WWS_Schedules (workId, weekDay, startTime, endTime) values (37, 'FRIDAY', 14, 21);
insert into WWS_Schedules (workId, weekDay, startTime, endTime) values (42, 'SATURDAY', 10, 16);
insert into WWS_Schedules (workId, weekDay, startTime, endTime) values (11, 'WEDNESDAY', 17, 18);
insert into WWS_Schedules (workId, weekDay, startTime, endTime) values (33, 'FRIDAY', 15, 22);
insert into WWS_Schedules (workId, weekDay, startTime, endTime) values (44, 'MONDAY', 14, 16);
insert into WWS_Schedules (workId, weekDay, startTime, endTime) values (13, 'SATURDAY', 11, 13);
insert into WWS_Schedules (workId, weekDay, startTime, endTime) values (41, 'FRIDAY', 17, 20);
insert into WWS_Schedules (workId, weekDay, startTime, endTime) values (7, 'FRIDAY', 19, 20);
insert into WWS_Schedules (workId, weekDay, startTime, endTime) values (29, 'TUESDAY', 14, 21);
insert into WWS_Schedules (workId, weekDay, startTime, endTime) values (2, 'WEDNESDAY', 13, 16);
insert into WWS_Schedules (workId, weekDay, startTime, endTime) values (19, 'TUESDAY', 15, 17);
insert into WWS_Schedules (workId, weekDay, startTime, endTime) values (33, 'THURSDAY', 17, 22);
insert into WWS_Schedules (workId, weekDay, startTime, endTime) values (21, 'WEDNESDAY', 20, 21);
insert into WWS_Schedules (workId, weekDay, startTime, endTime) values (48, 'TUESDAY', 11, 14);
insert into WWS_Schedules (workId, weekDay, startTime, endTime) values (4, 'SUNDAY', 16, 19);
insert into WWS_Schedules (workId, weekDay, startTime, endTime) values (24, 'TUESDAY', 17, 22);
insert into WWS_Schedules (workId, weekDay, startTime, endTime) values (21, 'SATURDAY', 21, 22);
insert into WWS_Schedules (workId, weekDay, startTime, endTime) values (32, 'SATURDAY', 10, 16);
insert into WWS_Schedules (workId, weekDay, startTime, endTime) values (21, 'TUESDAY', 14, 20);
insert into WWS_Schedules (workId, weekDay, startTime, endTime) values (13, 'SUNDAY', 17, 22);
insert into WWS_Schedules (workId, weekDay, startTime, endTime) values (31, 'THURSDAY', 16, 21);
insert into WWS_Schedules (workId, weekDay, startTime, endTime) values (1, 'MONDAY', 20, 22);
insert into WWS_Schedules (workId, weekDay, startTime, endTime) values (4, 'TUESDAY', 17, 19);
insert into WWS_Schedules (workId, weekDay, startTime, endTime) values (7, 'SATURDAY', 14, 18);
insert into WWS_Schedules (workId, weekDay, startTime, endTime) values (14, 'WEDNESDAY', 10, 19);
insert into WWS_Schedules (workId, weekDay, startTime, endTime) values (48, 'THURSDAY', 10, 14);
insert into WWS_Schedules (workId, weekDay, startTime, endTime) values (22, 'TUESDAY', 17, 20);
insert into WWS_Schedules (workId, weekDay, startTime, endTime) values (4, 'SUNDAY', 21, 22);
insert into WWS_Schedules (workId, weekDay, startTime, endTime) values (15, 'MONDAY', 20, 21);
insert into WWS_Schedules (workId, weekDay, startTime, endTime) values (49, 'SUNDAY', 16, 19);
insert into WWS_Schedules (workId, weekDay, startTime, endTime) values (17, 'MONDAY', 15, 16);
insert into WWS_Schedules (workId, weekDay, startTime, endTime) values (3, 'SUNDAY', 19, 21);
insert into WWS_Schedules (workId, weekDay, startTime, endTime) values (7, 'SATURDAY', 11, 14);
insert into WWS_Schedules (workId, weekDay, startTime, endTime) values (11, 'MONDAY', 16, 20);
insert into WWS_Schedules (workId, weekDay, startTime, endTime) values (13, 'SATURDAY', 19, 20);
insert into WWS_Schedules (workId, weekDay, startTime, endTime) values (44, 'WEDNESDAY', 15, 19);
insert into WWS_Schedules (workId, weekDay, startTime, endTime) values (46, 'FRIDAY', 22, 22);
insert into WWS_Schedules (workId, weekDay, startTime, endTime) values (42, 'FRIDAY', 20, 21);
insert into WWS_Schedules (workId, weekDay, startTime, endTime) values (1, 'FRIDAY', 12, 22);
insert into WWS_Schedules (workId, weekDay, startTime, endTime) values (39, 'SUNDAY', 13, 21);
insert into WWS_Schedules (workId, weekDay, startTime, endTime) values (21, 'TUESDAY', 10, 21);
insert into WWS_Schedules (workId, weekDay, startTime, endTime) values (36, 'SUNDAY', 16, 17);
insert into WWS_Schedules (workId, weekDay, startTime, endTime) values (18, 'THURSDAY', 12, 16);
insert into WWS_Schedules (workId, weekDay, startTime, endTime) values (30, 'SUNDAY', 14, 21);
insert into WWS_Schedules (workId, weekDay, startTime, endTime) values (17, 'SATURDAY', 16, 20);
insert into WWS_Schedules (workId, weekDay, startTime, endTime) values (4, 'SUNDAY', 16, 22);
insert into WWS_Schedules (workId, weekDay, startTime, endTime) values (43, 'FRIDAY', 21, 22);
insert into WWS_Schedules (workId, weekDay, startTime, endTime) values (46, 'FRIDAY', 17, 20);
insert into WWS_Schedules (workId, weekDay, startTime, endTime) values (9, 'SUNDAY', 20, 21);
insert into WWS_Schedules (workId, weekDay, startTime, endTime) values (20, 'FRIDAY', 15, 16);
insert into WWS_Schedules (workId, weekDay, startTime, endTime) values (22, 'WEDNESDAY', 17, 19);
insert into WWS_Schedules (workId, weekDay, startTime, endTime) values (31, 'MONDAY', 13, 14);
insert into WWS_Schedules (workId, weekDay, startTime, endTime) values (43, 'FRIDAY', 19, 20);
insert into WWS_Schedules (workId, weekDay, startTime, endTime) values (48, 'WEDNESDAY', 13, 21);
insert into WWS_Schedules (workId, weekDay, startTime, endTime) values (13, 'SATURDAY', 12, 17);
insert into WWS_Schedules (workId, weekDay, startTime, endTime) values (11, 'SUNDAY', 17, 22);
insert into WWS_Schedules (workId, weekDay, startTime, endTime) values (23, 'WEDNESDAY', 16, 19);
insert into WWS_Schedules (workId, weekDay, startTime, endTime) values (40, 'WEDNESDAY', 10, 14);
insert into WWS_Schedules (workId, weekDay, startTime, endTime) values (44, 'THURSDAY', 19, 20);
insert into WWS_Schedules (workId, weekDay, startTime, endTime) values (35, 'WEDNESDAY', 10, 11);
insert into WWS_Schedules (workId, weekDay, startTime, endTime) values (1, 'TUESDAY', 16, 21);
insert into WWS_Schedules (workId, weekDay, startTime, endTime) values (2, 'MONDAY', 22, 23);
insert into WWS_Schedules (workId, weekDay, startTime, endTime) values (21, 'SATURDAY', 17, 21);
insert into WWS_Schedules (workId, weekDay, startTime, endTime) values (38, 'MONDAY', 19, 20);
insert into WWS_Schedules (workId, weekDay, startTime, endTime) values (33, 'TUESDAY', 15, 18);
insert into WWS_Schedules (workId, weekDay, startTime, endTime) values (16, 'SATURDAY', 11, 12);
insert into WWS_Schedules (workId, weekDay, startTime, endTime) values (9, 'TUESDAY', 10, 20);
insert into WWS_Schedules (workId, weekDay, startTime, endTime) values (2, 'MONDAY', 15, 19);
insert into WWS_Schedules (workId, weekDay, startTime, endTime) values (38, 'TUESDAY', 20, 21);
insert into WWS_Schedules (workId, weekDay, startTime, endTime) values (8, 'TUESDAY', 20, 21);
insert into WWS_Schedules (workId, weekDay, startTime, endTime) values (17, 'SATURDAY', 22, 22);
insert into WWS_Schedules (workId, weekDay, startTime, endTime) values (31, 'SATURDAY', 14, 20);
insert into WWS_Schedules (workId, weekDay, startTime, endTime) values (41, 'SATURDAY', 18, 19);
insert into WWS_Schedules (workId, weekDay, startTime, endTime) values (3, 'FRIDAY', 19, 20);
insert into WWS_Schedules (workId, weekDay, startTime, endTime) values (48, 'WEDNESDAY', 22, 22);
insert into WWS_Schedules (workId, weekDay, startTime, endTime) values (2, 'WEDNESDAY', 16, 22);
insert into WWS_Schedules (workId, weekDay, startTime, endTime) values (27, 'WEDNESDAY', 15, 22);
insert into WWS_Schedules (workId, weekDay, startTime, endTime) values (18, 'TUESDAY', 18, 20);
insert into WWS_Schedules (workId, weekDay, startTime, endTime) values (48, 'SUNDAY', 21, 22);
insert into WWS_Schedules (workId, weekDay, startTime, endTime) values (47, 'MONDAY', 17, 21);
insert into WWS_Schedules (workId, weekDay, startTime, endTime) values (44, 'SUNDAY', 11, 15);
insert into WWS_Schedules (workId, weekDay, startTime, endTime) values (5, 'FRIDAY', 22, 23);
insert into WWS_Schedules (workId, weekDay, startTime, endTime) values (34, 'THURSDAY', 16, 19);
insert into WWS_Schedules (workId, weekDay, startTime, endTime) values (43, 'SUNDAY', 13, 15);
insert into WWS_Schedules (workId, weekDay, startTime, endTime) values (31, 'SATURDAY', 13, 14);
insert into WWS_Schedules (workId, weekDay, startTime, endTime) values (26, 'THURSDAY', 17, 18);
insert into WWS_Schedules (workId, weekDay, startTime, endTime) values (39, 'MONDAY', 13, 22);
insert into WWS_Schedules (workId, weekDay, startTime, endTime) values (42, 'SATURDAY', 21, 22);
insert into WWS_Schedules (workId, weekDay, startTime, endTime) values (19, 'TUESDAY', 17, 22);
insert into WWS_Schedules (workId, weekDay, startTime, endTime) values (43, 'SATURDAY', 20, 22);
insert into WWS_Schedules (workId, weekDay, startTime, endTime) values (39, 'SUNDAY', 10, 19);
insert into WWS_Schedules (workId, weekDay, startTime, endTime) values (14, 'SATURDAY', 12, 18);
insert into WWS_Schedules (workId, weekDay, startTime, endTime) values (43, 'FRIDAY', 17, 22);
insert into WWS_Schedules (workId, weekDay, startTime, endTime) values (39, 'FRIDAY', 22, 22);
insert into WWS_Schedules (workId, weekDay, startTime, endTime) values (23, 'FRIDAY', 13, 16);
insert into WWS_Schedules (workId, weekDay, startTime, endTime) values (29, 'MONDAY', 19, 22);
insert into WWS_Schedules (workId, weekDay, startTime, endTime) values (37, 'SATURDAY', 22, 23);
insert into WWS_Schedules (workId, weekDay, startTime, endTime) values (39, 'FRIDAY', 13, 15);
insert into WWS_Schedules (workId, weekDay, startTime, endTime) values (4, 'TUESDAY', 17, 20);
insert into WWS_Schedules (workId, weekDay, startTime, endTime) values (38, 'THURSDAY', 10, 16);
insert into WWS_Schedules (workId, weekDay, startTime, endTime) values (15, 'SATURDAY', 12, 20);
insert into WWS_Schedules (workId, weekDay, startTime, endTime) values (11, 'WEDNESDAY', 11, 21);
insert into WWS_Schedules (workId, weekDay, startTime, endTime) values (5, 'MONDAY', 12, 15);
insert into WWS_Schedules (workId, weekDay, startTime, endTime) values (37, 'SUNDAY', 10, 22);
insert into WWS_Schedules (workId, weekDay, startTime, endTime) values (30, 'WEDNESDAY', 12, 13);
insert into WWS_Schedules (workId, weekDay, startTime, endTime) values (21, 'SATURDAY', 21, 22);
insert into WWS_Schedules (workId, weekDay, startTime, endTime) values (36, 'THURSDAY', 22, 23);
insert into WWS_Schedules (workId, weekDay, startTime, endTime) values (20, 'SATURDAY', 22, 23);
insert into WWS_Schedules (workId, weekDay, startTime, endTime) values (31, 'MONDAY', 12, 19);
insert into WWS_Schedules (workId, weekDay, startTime, endTime) values (18, 'THURSDAY', 20, 21);
insert into WWS_Schedules (workId, weekDay, startTime, endTime) values (21, 'WEDNESDAY', 11, 19);
insert into WWS_Schedules (workId, weekDay, startTime, endTime) values (31, 'FRIDAY', 18, 19);
insert into WWS_Schedules (workId, weekDay, startTime, endTime) values (2, 'SATURDAY', 13, 21);
insert into WWS_Schedules (workId, weekDay, startTime, endTime) values (14, 'TUESDAY', 21, 22);
insert into WWS_Schedules (workId, weekDay, startTime, endTime) values (35, 'SUNDAY', 18, 21);
insert into WWS_Schedules (workId, weekDay, startTime, endTime) values (26, 'SUNDAY', 14, 22);
insert into WWS_Schedules (workId, weekDay, startTime, endTime) values (43, 'FRIDAY', 19, 21);
insert into WWS_Schedules (workId, weekDay, startTime, endTime) values (44, 'SUNDAY', 19, 22);
insert into WWS_Schedules (workId, weekDay, startTime, endTime) values (46, 'MONDAY', 12, 16);
insert into WWS_Schedules (workId, weekDay, startTime, endTime) values (50, 'SUNDAY', 21, 22);
insert into WWS_Schedules (workId, weekDay, startTime, endTime) values (2, 'FRIDAY', 13, 16);
insert into WWS_Schedules (workId, weekDay, startTime, endTime) values (10, 'TUESDAY', 12, 16);
insert into WWS_Schedules (workId, weekDay, startTime, endTime) values (23, 'TUESDAY', 12, 22);
insert into WWS_Schedules (workId, weekDay, startTime, endTime) values (42, 'WEDNESDAY', 17, 22);
insert into WWS_Schedules (workId, weekDay, startTime, endTime) values (13, 'THURSDAY', 19, 20);
insert into WWS_Schedules (workId, weekDay, startTime, endTime) values (9, 'SUNDAY', 10, 17);
insert into WWS_Schedules (workId, weekDay, startTime, endTime) values (50, 'THURSDAY', 22, 22);
insert into WWS_Schedules (workId, weekDay, startTime, endTime) values (6, 'SATURDAY', 15, 21);
insert into WWS_Schedules (workId, weekDay, startTime, endTime) values (8, 'MONDAY', 11, 18);
insert into WWS_Schedules (workId, weekDay, startTime, endTime) values (18, 'SATURDAY', 13, 15);
insert into WWS_Schedules (workId, weekDay, startTime, endTime) values (5, 'SATURDAY', 21, 22);
insert into WWS_Schedules (workId, weekDay, startTime, endTime) values (48, 'MONDAY', 18, 21);
insert into WWS_Schedules (workId, weekDay, startTime, endTime) values (41, 'FRIDAY', 17, 20);
insert into WWS_Schedules (workId, weekDay, startTime, endTime) values (21, 'SATURDAY', 15, 16);
insert into WWS_Schedules (workId, weekDay, startTime, endTime) values (22, 'WEDNESDAY', 18, 21);
insert into WWS_Schedules (workId, weekDay, startTime, endTime) values (18, 'SUNDAY', 10, 11);
insert into WWS_Schedules (workId, weekDay, startTime, endTime) values (17, 'THURSDAY', 18, 20);
insert into WWS_Schedules (workId, weekDay, startTime, endTime) values (11, 'TUESDAY', 22, 23);
insert into WWS_Schedules (workId, weekDay, startTime, endTime) values (9, 'SUNDAY', 21, 22);
insert into WWS_Schedules (workId, weekDay, startTime, endTime) values (40, 'SATURDAY', 22, 23);
insert into WWS_Schedules (workId, weekDay, startTime, endTime) values (43, 'SATURDAY', 14, 20);
insert into WWS_Schedules (workId, weekDay, startTime, endTime) values (8, 'FRIDAY', 16, 18);
insert into WWS_Schedules (workId, weekDay, startTime, endTime) values (19, 'WEDNESDAY', 11, 22);
insert into WWS_Schedules (workId, weekDay, startTime, endTime) values (35, 'WEDNESDAY', 19, 22);
insert into WWS_Schedules (workId, weekDay, startTime, endTime) values (42, 'SATURDAY', 22, 23);
insert into WWS_Schedules (workId, weekDay, startTime, endTime) values (17, 'WEDNESDAY', 15, 18);
insert into WWS_Schedules (workId, weekDay, startTime, endTime) values (14, 'TUESDAY', 13, 20);
insert into WWS_Schedules (workId, weekDay, startTime, endTime) values (38, 'SATURDAY', 16, 17);
insert into WWS_Schedules (workId, weekDay, startTime, endTime) values (28, 'MONDAY', 11, 17);
insert into WWS_Schedules (workId, weekDay, startTime, endTime) values (16, 'TUESDAY', 16, 17);
insert into WWS_Schedules (workId, weekDay, startTime, endTime) values (37, 'MONDAY', 22, 22);
insert into WWS_Schedules (workId, weekDay, startTime, endTime) values (49, 'SUNDAY', 10, 15);
insert into WWS_Schedules (workId, weekDay, startTime, endTime) values (36, 'THURSDAY', 19, 20);
insert into WWS_Schedules (workId, weekDay, startTime, endTime) values (6, 'TUESDAY', 18, 19);
insert into WWS_Schedules (workId, weekDay, startTime, endTime) values (29, 'SUNDAY', 12, 14);
insert into WWS_Schedules (workId, weekDay, startTime, endTime) values (6, 'SATURDAY', 22, 23);
insert into WWS_Schedules (workId, weekDay, startTime, endTime) values (23, 'SATURDAY', 20, 22);
insert into WWS_Schedules (workId, weekDay, startTime, endTime) values (50, 'THURSDAY', 21, 22);
insert into WWS_Schedules (workId, weekDay, startTime, endTime) values (33, 'WEDNESDAY', 11, 21);
insert into WWS_Schedules (workId, weekDay, startTime, endTime) values (32, 'FRIDAY', 18, 19);
insert into WWS_Schedules (workId, weekDay, startTime, endTime) values (49, 'SUNDAY', 16, 17);
insert into WWS_Schedules (workId, weekDay, startTime, endTime) values (36, 'TUESDAY', 18, 19);
insert into WWS_Schedules (workId, weekDay, startTime, endTime) values (35, 'THURSDAY', 18, 20);
insert into WWS_Schedules (workId, weekDay, startTime, endTime) values (19, 'THURSDAY', 16, 22);
insert into WWS_Schedules (workId, weekDay, startTime, endTime) values (35, 'THURSDAY', 22, 23);
insert into WWS_Schedules (workId, weekDay, startTime, endTime) values (6, 'WEDNESDAY', 13, 16);
insert into WWS_Schedules (workId, weekDay, startTime, endTime) values (38, 'TUESDAY', 12, 14);
insert into WWS_Schedules (workId, weekDay, startTime, endTime) values (37, 'SATURDAY', 22, 22);
insert into WWS_Schedules (workId, weekDay, startTime, endTime) values (25, 'THURSDAY', 16, 19);
insert into WWS_Schedules (workId, weekDay, startTime, endTime) values (32, 'TUESDAY', 11, 20);
insert into WWS_Schedules (workId, weekDay, startTime, endTime) values (35, 'WEDNESDAY', 16, 22);
insert into WWS_Schedules (workId, weekDay, startTime, endTime) values (49, 'MONDAY', 16, 22);
insert into WWS_Schedules (workId, weekDay, startTime, endTime) values (27, 'WEDNESDAY', 16, 20);
insert into WWS_Schedules (workId, weekDay, startTime, endTime) values (44, 'MONDAY', 15, 16);
insert into WWS_Schedules (workId, weekDay, startTime, endTime) values (30, 'TUESDAY', 12, 14);
insert into WWS_Schedules (workId, weekDay, startTime, endTime) values (46, 'WEDNESDAY', 16, 20);
insert into WWS_Schedules (workId, weekDay, startTime, endTime) values (21, 'WEDNESDAY', 19, 20);
insert into WWS_Schedules (workId, weekDay, startTime, endTime) values (21, 'TUESDAY', 12, 19);
insert into WWS_Schedules (workId, weekDay, startTime, endTime) values (6, 'FRIDAY', 19, 21);
insert into WWS_Schedules (workId, weekDay, startTime, endTime) values (26, 'SATURDAY', 14, 22);
insert into WWS_Schedules (workId, weekDay, startTime, endTime) values (36, 'FRIDAY', 16, 20);
insert into WWS_Schedules (workId, weekDay, startTime, endTime) values (31, 'SATURDAY', 11, 16);
insert into WWS_Schedules (workId, weekDay, startTime, endTime) values (33, 'FRIDAY', 18, 21);
insert into WWS_Schedules (workId, weekDay, startTime, endTime) values (38, 'SUNDAY', 13, 18);
insert into WWS_Schedules (workId, weekDay, startTime, endTime) values (41, 'TUESDAY', 15, 17);
insert into WWS_Schedules (workId, weekDay, startTime, endTime) values (18, 'SATURDAY', 22, 22);
insert into WWS_Schedules (workId, weekDay, startTime, endTime) values (13, 'SATURDAY', 18, 22);
insert into WWS_Schedules (workId, weekDay, startTime, endTime) values (9, 'THURSDAY', 11, 16);
insert into WWS_Schedules (workId, weekDay, startTime, endTime) values (12, 'SATURDAY', 22, 22);
insert into WWS_Schedules (workId, weekDay, startTime, endTime) values (50, 'TUESDAY', 17, 18);
insert into WWS_Schedules (workId, weekDay, startTime, endTime) values (10, 'WEDNESDAY', 15, 16);
insert into WWS_Schedules (workId, weekDay, startTime, endTime) values (39, 'TUESDAY', 17, 21);
insert into WWS_Schedules (workId, weekDay, startTime, endTime) values (36, 'WEDNESDAY', 14, 19);
insert into WWS_Schedules (workId, weekDay, startTime, endTime) values (50, 'MONDAY', 13, 14);
insert into WWS_Schedules (workId, weekDay, startTime, endTime) values (40, 'FRIDAY', 13, 20);
insert into WWS_Schedules (workId, weekDay, startTime, endTime) values (21, 'MONDAY', 21, 22);
insert into WWS_Schedules (workId, weekDay, startTime, endTime) values (3, 'SATURDAY', 20, 22);
insert into WWS_Schedules (workId, weekDay, startTime, endTime) values (18, 'THURSDAY', 13, 21);
insert into WWS_Schedules (workId, weekDay, startTime, endTime) values (16, 'SUNDAY', 15, 20);
insert into WWS_Schedules (workId, weekDay, startTime, endTime) values (18, 'TUESDAY', 22, 23);
insert into WWS_Schedules (workId, weekDay, startTime, endTime) values (11, 'TUESDAY', 19, 22);
insert into WWS_Schedules (workId, weekDay, startTime, endTime) values (26, 'MONDAY', 11, 19);
insert into WWS_Schedules (workId, weekDay, startTime, endTime) values (27, 'THURSDAY', 22, 22);
insert into WWS_Schedules (workId, weekDay, startTime, endTime) values (23, 'THURSDAY', 19, 21);
insert into WWS_Schedules (workId, weekDay, startTime, endTime) values (19, 'THURSDAY', 22, 23);
insert into WWS_Schedules (workId, weekDay, startTime, endTime) values (47, 'THURSDAY', 14, 18);
insert into WWS_Schedules (workId, weekDay, startTime, endTime) values (17, 'MONDAY', 14, 22);
insert into WWS_Schedules (workId, weekDay, startTime, endTime) values (13, 'FRIDAY', 12, 19);
insert into WWS_Schedules (workId, weekDay, startTime, endTime) values (4, 'SUNDAY', 16, 19);
insert into WWS_Schedules (workId, weekDay, startTime, endTime) values (1, 'MONDAY', 10, 19);
insert into WWS_Schedules (workId, weekDay, startTime, endTime) values (5, 'THURSDAY', 12, 15);
insert into WWS_Schedules (workId, weekDay, startTime, endTime) values (13, 'FRIDAY', 16, 17);
insert into WWS_Schedules (workId, weekDay, startTime, endTime) values (25, 'THURSDAY', 19, 22);
insert into WWS_Schedules (workId, weekDay, startTime, endTime) values (16, 'FRIDAY', 15, 18);
insert into WWS_Schedules (workId, weekDay, startTime, endTime) values (29, 'TUESDAY', 10, 22);
insert into WWS_Schedules (workId, weekDay, startTime, endTime) values (29, 'SUNDAY', 18, 20);
insert into WWS_Schedules (workId, weekDay, startTime, endTime) values (48, 'SATURDAY', 15, 16);
insert into WWS_Schedules (workId, weekDay, startTime, endTime) values (41, 'TUESDAY', 17, 21);
insert into WWS_Schedules (workId, weekDay, startTime, endTime) values (48, 'SATURDAY', 17, 20);
insert into WWS_Schedules (workId, weekDay, startTime, endTime) values (46, 'THURSDAY', 21, 22);
insert into WWS_Schedules (workId, weekDay, startTime, endTime) values (30, 'TUESDAY', 15, 22);
insert into WWS_Schedules (workId, weekDay, startTime, endTime) values (10, 'WEDNESDAY', 18, 19);
insert into WWS_Schedules (workId, weekDay, startTime, endTime) values (44, 'MONDAY', 18, 20);
insert into WWS_Schedules (workId, weekDay, startTime, endTime) values (13, 'FRIDAY', 22, 22);
insert into WWS_Schedules (workId, weekDay, startTime, endTime) values (38, 'SATURDAY', 16, 18);
insert into WWS_Schedules (workId, weekDay, startTime, endTime) values (19, 'FRIDAY', 17, 20);
insert into WWS_Schedules (workId, weekDay, startTime, endTime) values (4, 'MONDAY', 13, 14);
insert into WWS_Schedules (workId, weekDay, startTime, endTime) values (19, 'THURSDAY', 16, 18);
insert into WWS_Schedules (workId, weekDay, startTime, endTime) values (19, 'SUNDAY', 13, 20);
insert into WWS_Schedules (workId, weekDay, startTime, endTime) values (41, 'FRIDAY', 12, 16);
insert into WWS_Schedules (workId, weekDay, startTime, endTime) values (28, 'THURSDAY', 15, 16);
insert into WWS_Schedules (workId, weekDay, startTime, endTime) values (33, 'MONDAY', 19, 20);
insert into WWS_Schedules (workId, weekDay, startTime, endTime) values (35, 'SUNDAY', 18, 22);
insert into WWS_Schedules (workId, weekDay, startTime, endTime) values (6, 'TUESDAY', 13, 22);
insert into WWS_Schedules (workId, weekDay, startTime, endTime) values (41, 'SATURDAY', 10, 21);
insert into WWS_Schedules (workId, weekDay, startTime, endTime) values (49, 'SUNDAY', 14, 19);
insert into WWS_Schedules (workId, weekDay, startTime, endTime) values (11, 'TUESDAY', 20, 21);
insert into WWS_Schedules (workId, weekDay, startTime, endTime) values (28, 'MONDAY', 21, 22);
insert into WWS_Schedules (workId, weekDay, startTime, endTime) values (22, 'SUNDAY', 13, 17);
insert into WWS_Schedules (workId, weekDay, startTime, endTime) values (9, 'WEDNESDAY', 16, 21);
insert into WWS_Schedules (workId, weekDay, startTime, endTime) values (26, 'SATURDAY', 11, 17);
insert into WWS_Schedules (workId, weekDay, startTime, endTime) values (2, 'SATURDAY', 16, 19);
insert into WWS_Schedules (workId, weekDay, startTime, endTime) values (40, 'MONDAY', 10, 11);
insert into WWS_Schedules (workId, weekDay, startTime, endTime) values (50, 'MONDAY', 18, 22);
insert into WWS_Schedules (workId, weekDay, startTime, endTime) values (9, 'MONDAY', 12, 18);
insert into WWS_Schedules (workId, weekDay, startTime, endTime) values (23, 'WEDNESDAY', 17, 18);
insert into WWS_Schedules (workId, weekDay, startTime, endTime) values (4, 'TUESDAY', 12, 14);
insert into WWS_Schedules (workId, weekDay, startTime, endTime) values (42, 'WEDNESDAY', 17, 20);
insert into WWS_Schedules (workId, weekDay, startTime, endTime) values (24, 'THURSDAY', 18, 22);
insert into WWS_Schedules (workId, weekDay, startTime, endTime) values (47, 'MONDAY', 21, 22);
insert into WWS_Schedules (workId, weekDay, startTime, endTime) values (25, 'TUESDAY', 20, 21);
insert into WWS_Schedules (workId, weekDay, startTime, endTime) values (6, 'THURSDAY', 10, 19);
insert into WWS_Schedules (workId, weekDay, startTime, endTime) values (10, 'THURSDAY', 18, 19);
insert into WWS_Schedules (workId, weekDay, startTime, endTime) values (13, 'FRIDAY', 18, 22);
insert into WWS_Schedules (workId, weekDay, startTime, endTime) values (16, 'WEDNESDAY', 18, 21);
insert into WWS_Schedules (workId, weekDay, startTime, endTime) values (39, 'SUNDAY', 15, 16);
insert into WWS_Schedules (workId, weekDay, startTime, endTime) values (23, 'SUNDAY', 21, 22);
insert into WWS_Schedules (workId, weekDay, startTime, endTime) values (37, 'TUESDAY', 17, 21);
insert into WWS_Schedules (workId, weekDay, startTime, endTime) values (39, 'SATURDAY', 20, 21);
insert into WWS_Schedules (workId, weekDay, startTime, endTime) values (4, 'THURSDAY', 14, 17);
insert into WWS_Schedules (workId, weekDay, startTime, endTime) values (36, 'FRIDAY', 16, 22);
insert into WWS_Schedules (workId, weekDay, startTime, endTime) values (27, 'THURSDAY', 13, 20);



/*MWS DATAS*/

INSERT INTO MWS_Schedules_days(workWeekId, workDays) VALUES (1, ARRAY['MONDAY','TUESDAY','WEDNESDAY','THURSDAY','FRIDAY']);
INSERT INTO MWS_Schedules_days(workWeekId, workDays) VALUES (2, ARRAY['TUESDAY','WEDNESDAY','THURSDAY','FRIDAY','SATURDAY']);
INSERT INTO MWS_Schedules_days(workWeekId, workDays) VALUES (3, ARRAY['WEDNESDAY','THURSDAY','FRIDAY','SATURDAY','SUNDAY']);
INSERT INTO MWS_Schedules_days(workWeekId, workDays) VALUES (4, ARRAY['MONDAY','THURSDAY','FRIDAY','SATURDAY','SUNDAY']);
INSERT INTO MWS_Schedules_days(workWeekId, workDays) VALUES (5, ARRAY['MONDAY','TUESDAY','FRIDAY','SATURDAY','SUNDAY']);
INSERT INTO MWS_Schedules_days(workWeekId, workDays) VALUES (6, ARRAY['MONDAY','TUESDAY','WEDNESDAY','SATURDAY','SUNDAY']);
INSERT INTO MWS_Schedules_days(workWeekId, workDays) VALUES (7, ARRAY['MONDAY','TUESDAY','WEDNESDAY','THURSDAY','SUNDAY']);

INSERT INTO MWS_Schedules_times(shiftId, startTime,endTime) VALUES (1,'{10,15}','{14,19}');
INSERT INTO MWS_Schedules_times(shiftId, startTime,endTime) VALUES (2,'{11,16}','{15,20}');
INSERT INTO MWS_Schedules_times(shiftId, startTime,endTime) VALUES (3,'{12,17}','{16,21}');
INSERT INTO MWS_Schedules_times(shiftId, startTime,endTime) VALUES (4,'{13,18}','{17,22}');

SELECT * FROM new_mws(51, 5, '2020-06-01 00:00:00', '900.28',1 , ARRAY[1,2,3,4,1]);
SELECT * FROM new_mws(52, 91, (NOW() + (random() * interval '2 years') + (random() * interval '23 hours') + (random() * interval '59 minutes') + (random() * interval '59 seconds'))::date, 822.0,2 , ARRAY[2,2,1,3,2]);
 SELECT * FROM new_mws(53, 69, (NOW() + (random() * interval '2 years') + (random() * interval '23 hours') + (random() * interval '59 minutes') + (random() * interval '59 seconds'))::date, 881.0,2 , ARRAY[1,3,2,1,2]);
 SELECT * FROM new_mws(54, 31, (NOW() + (random() * interval '2 years') + (random() * interval '23 hours') + (random() * interval '59 minutes') + (random() * interval '59 seconds'))::date, 865.0,1 , ARRAY[1,1,1,1,1]);
 SELECT * FROM new_mws(55, 69, (NOW() + (random() * interval '2 years') + (random() * interval '23 hours') + (random() * interval '59 minutes') + (random() * interval '59 seconds'))::date, 827.0,4 , ARRAY[2,1,3,3,3]);
 SELECT * FROM new_mws(56, 5, (NOW() + (random() * interval '2 years') + (random() * interval '23 hours') + (random() * interval '59 minutes') + (random() * interval '59 seconds'))::date, 757.0,2 , ARRAY[3,1,2,2,1]);
 SELECT * FROM new_mws(57, 79, (NOW() + (random() * interval '2 years') + (random() * interval '23 hours') + (random() * interval '59 minutes') + (random() * interval '59 seconds'))::date, 723.0,1 , ARRAY[3,2,1,2,1]);
 SELECT * FROM new_mws(58, 87, (NOW() + (random() * interval '2 years') + (random() * interval '23 hours') + (random() * interval '59 minutes') + (random() * interval '59 seconds'))::date, 723.0,4 , ARRAY[2,2,3,2,2]);
 SELECT * FROM new_mws(59, 20, (NOW() + (random() * interval '2 years') + (random() * interval '23 hours') + (random() * interval '59 minutes') + (random() * interval '59 seconds'))::date, 704.0,3 , ARRAY[2,2,2,2,1]);
 SELECT * FROM new_mws(60, 5, (NOW() + (random() * interval '2 years') + (random() * interval '23 hours') + (random() * interval '59 minutes') + (random() * interval '59 seconds'))::date, 732.0,4 , ARRAY[3,3,3,1,1]);
 SELECT * FROM new_mws(61, 79, (NOW() + (random() * interval '2 years') + (random() * interval '23 hours') + (random() * interval '59 minutes') + (random() * interval '59 seconds'))::date, 721.0,2 , ARRAY[2,3,1,2,1]);
 SELECT * FROM new_mws(62, 79, (NOW() + (random() * interval '2 years') + (random() * interval '23 hours') + (random() * interval '59 minutes') + (random() * interval '59 seconds'))::date, 863.0,1 , ARRAY[2,1,1,3,2]);
 SELECT * FROM new_mws(63, 79, (NOW() + (random() * interval '2 years') + (random() * interval '23 hours') + (random() * interval '59 minutes') + (random() * interval '59 seconds'))::date, 874.0,4 , ARRAY[2,1,3,3,2]);
 SELECT * FROM new_mws(64, 42, (NOW() + (random() * interval '2 years') + (random() * interval '23 hours') + (random() * interval '59 minutes') + (random() * interval '59 seconds'))::date, 842.0,1 , ARRAY[2,2,3,3,1]);
 SELECT * FROM new_mws(65, 44, (NOW() + (random() * interval '2 years') + (random() * interval '23 hours') + (random() * interval '59 minutes') + (random() * interval '59 seconds'))::date, 760.0,1 , ARRAY[2,2,3,3,1]);
 SELECT * FROM new_mws(66, 67, (NOW() + (random() * interval '2 years') + (random() * interval '23 hours') + (random() * interval '59 minutes') + (random() * interval '59 seconds'))::date, 712.0,3 , ARRAY[2,3,1,2,1]);
 SELECT * FROM new_mws(67, 42, (NOW() + (random() * interval '2 years') + (random() * interval '23 hours') + (random() * interval '59 minutes') + (random() * interval '59 seconds'))::date, 775.0,1 , ARRAY[1,1,2,1,3]);
 SELECT * FROM new_mws(68, 79, (NOW() + (random() * interval '2 years') + (random() * interval '23 hours') + (random() * interval '59 minutes') + (random() * interval '59 seconds'))::date, 722.0,2 , ARRAY[1,3,3,3,3]);
 SELECT * FROM new_mws(69, 79, (NOW() + (random() * interval '2 years') + (random() * interval '23 hours') + (random() * interval '59 minutes') + (random() * interval '59 seconds'))::date, 863.0,3 , ARRAY[2,2,3,1,1]);
 SELECT * FROM new_mws(70, 97, (NOW() + (random() * interval '2 years') + (random() * interval '23 hours') + (random() * interval '59 minutes') + (random() * interval '59 seconds'))::date, 810.0,4 , ARRAY[1,1,1,3,3]);
 SELECT * FROM new_mws(71, 17, (NOW() + (random() * interval '2 years') + (random() * interval '23 hours') + (random() * interval '59 minutes') + (random() * interval '59 seconds'))::date, 855.0,3 , ARRAY[1,2,1,1,1]);
 SELECT * FROM new_mws(72, 91, (NOW() + (random() * interval '2 years') + (random() * interval '23 hours') + (random() * interval '59 minutes') + (random() * interval '59 seconds'))::date, 863.0,4 , ARRAY[1,2,1,1,3]);
 SELECT * FROM new_mws(73, 44, (NOW() + (random() * interval '2 years') + (random() * interval '23 hours') + (random() * interval '59 minutes') + (random() * interval '59 seconds'))::date, 829.0,2 , ARRAY[1,1,3,2,3]);
 SELECT * FROM new_mws(74, 17, (NOW() + (random() * interval '2 years') + (random() * interval '23 hours') + (random() * interval '59 minutes') + (random() * interval '59 seconds'))::date, 890.0,4 , ARRAY[3,3,2,1,3]);
 SELECT * FROM new_mws(75, 67, (NOW() + (random() * interval '2 years') + (random() * interval '23 hours') + (random() * interval '59 minutes') + (random() * interval '59 seconds'))::date, 727.0,1 , ARRAY[2,1,2,2,2]);
 SELECT * FROM new_mws(76, 20, (NOW() + (random() * interval '2 years') + (random() * interval '23 hours') + (random() * interval '59 minutes') + (random() * interval '59 seconds'))::date, 784.0,4 , ARRAY[3,3,2,1,3]);
 SELECT * FROM new_mws(77, 17, (NOW() + (random() * interval '2 years') + (random() * interval '23 hours') + (random() * interval '59 minutes') + (random() * interval '59 seconds'))::date, 877.0,4 , ARRAY[2,2,1,1,3]);
 SELECT * FROM new_mws(78, 44, (NOW() + (random() * interval '2 years') + (random() * interval '23 hours') + (random() * interval '59 minutes') + (random() * interval '59 seconds'))::date, 746.0,2 , ARRAY[2,2,3,3,2]);
 SELECT * FROM new_mws(79, 3, (NOW() + (random() * interval '2 years') + (random() * interval '23 hours') + (random() * interval '59 minutes') + (random() * interval '59 seconds'))::date, 885.0,1 , ARRAY[2,3,3,1,2]);
 SELECT * FROM new_mws(80, 95, (NOW() + (random() * interval '2 years') + (random() * interval '23 hours') + (random() * interval '59 minutes') + (random() * interval '59 seconds'))::date, 797.0,1 , ARRAY[2,2,1,3,2]);
 SELECT * FROM new_mws(81, 44, (NOW() + (random() * interval '2 years') + (random() * interval '23 hours') + (random() * interval '59 minutes') + (random() * interval '59 seconds'))::date, 837.0,3 , ARRAY[3,3,2,1,1]);
 SELECT * FROM new_mws(82, 42, (NOW() + (random() * interval '2 years') + (random() * interval '23 hours') + (random() * interval '59 minutes') + (random() * interval '59 seconds'))::date, 717.0,3 , ARRAY[2,2,1,1,1]);
 SELECT * FROM new_mws(83, 67, (NOW() + (random() * interval '2 years') + (random() * interval '23 hours') + (random() * interval '59 minutes') + (random() * interval '59 seconds'))::date, 887.0,1 , ARRAY[3,2,1,3,1]);
 SELECT * FROM new_mws(84, 17, (NOW() + (random() * interval '2 years') + (random() * interval '23 hours') + (random() * interval '59 minutes') + (random() * interval '59 seconds'))::date, 715.0,4 , ARRAY[3,2,3,2,1]);
 SELECT * FROM new_mws(85, 95, (NOW() + (random() * interval '2 years') + (random() * interval '23 hours') + (random() * interval '59 minutes') + (random() * interval '59 seconds'))::date, 894.0,1 , ARRAY[1,2,2,1,3]);
 SELECT * FROM new_mws(86, 69, (NOW() + (random() * interval '2 years') + (random() * interval '23 hours') + (random() * interval '59 minutes') + (random() * interval '59 seconds'))::date, 753.0,3 , ARRAY[2,1,2,1,1]);
 SELECT * FROM new_mws(87, 3, (NOW() + (random() * interval '2 years') + (random() * interval '23 hours') + (random() * interval '59 minutes') + (random() * interval '59 seconds'))::date, 896.0,3 , ARRAY[2,3,2,3,1]);
 SELECT * FROM new_mws(88, 20, (NOW() + (random() * interval '2 years') + (random() * interval '23 hours') + (random() * interval '59 minutes') + (random() * interval '59 seconds'))::date, 704.0,1 , ARRAY[2,3,1,1,1]);
 SELECT * FROM new_mws(89, 42, (NOW() + (random() * interval '2 years') + (random() * interval '23 hours') + (random() * interval '59 minutes') + (random() * interval '59 seconds'))::date, 720.0,1 , ARRAY[1,2,3,3,1]);
 SELECT * FROM new_mws(90, 26, (NOW() + (random() * interval '2 years') + (random() * interval '23 hours') + (random() * interval '59 minutes') + (random() * interval '59 seconds'))::date, 728.0,2 , ARRAY[1,1,2,1,2]);
 SELECT * FROM new_mws(91, 17, (NOW() + (random() * interval '2 years') + (random() * interval '23 hours') + (random() * interval '59 minutes') + (random() * interval '59 seconds'))::date, 754.0,3 , ARRAY[3,3,3,2,2]);
 SELECT * FROM new_mws(92, 20, (NOW() + (random() * interval '2 years') + (random() * interval '23 hours') + (random() * interval '59 minutes') + (random() * interval '59 seconds'))::date, 795.0,3 , ARRAY[3,2,3,3,1]);
 SELECT * FROM new_mws(93, 31, (NOW() + (random() * interval '2 years') + (random() * interval '23 hours') + (random() * interval '59 minutes') + (random() * interval '59 seconds'))::date, 892.0,3 , ARRAY[1,1,3,3,2]);
 SELECT * FROM new_mws(94, 97, (NOW() + (random() * interval '2 years') + (random() * interval '23 hours') + (random() * interval '59 minutes') + (random() * interval '59 seconds'))::date, 780.0,1 , ARRAY[3,3,3,1,2]);
 SELECT * FROM new_mws(95, 44, (NOW() + (random() * interval '2 years') + (random() * interval '23 hours') + (random() * interval '59 minutes') + (random() * interval '59 seconds'))::date, 780.0,2 , ARRAY[1,1,3,3,3]);
 SELECT * FROM new_mws(96, 95, (NOW() + (random() * interval '2 years') + (random() * interval '23 hours') + (random() * interval '59 minutes') + (random() * interval '59 seconds'))::date, 781.0,4 , ARRAY[2,1,3,3,2]);
 SELECT * FROM new_mws(97, 87, (NOW() + (random() * interval '2 years') + (random() * interval '23 hours') + (random() * interval '59 minutes') + (random() * interval '59 seconds'))::date, 875.0,4 , ARRAY[3,1,3,2,1]);
 SELECT * FROM new_mws(98, 20, (NOW() + (random() * interval '2 years') + (random() * interval '23 hours') + (random() * interval '59 minutes') + (random() * interval '59 seconds'))::date, 701.0,3 , ARRAY[3,2,2,2,3]);
 SELECT * FROM new_mws(99, 79, (NOW() + (random() * interval '2 years') + (random() * interval '23 hours') + (random() * interval '59 minutes') + (random() * interval '59 seconds'))::date, 754.0,4 , ARRAY[3,1,1,2,1]);
 SELECT * FROM new_mws(100, 95, (NOW() + (random() * interval '2 years') + (random() * interval '23 hours') + (random() * interval '59 minutes') + (random() * interval '59 seconds'))::date, 707.0,1 , ARRAY[1,1,3,2,2]);
 SELECT * FROM new_mws(101, 91, (NOW() + (random() * interval '2 years') + (random() * interval '23 hours') + (random() * interval '59 minutes') + (random() * interval '59 seconds'))::date, 701.0,1 , ARRAY[3,2,1,3,2]);
 SELECT * FROM new_mws(102, 79, (NOW() + (random() * interval '2 years') + (random() * interval '23 hours') + (random() * interval '59 minutes') + (random() * interval '59 seconds'))::date, 880.0,4 , ARRAY[3,1,1,1,2]);
 SELECT * FROM new_mws(103, 95, (NOW() + (random() * interval '2 years') + (random() * interval '23 hours') + (random() * interval '59 minutes') + (random() * interval '59 seconds'))::date, 811.0,4 , ARRAY[2,3,2,1,1]);
 SELECT * FROM new_mws(104, 20, (NOW() + (random() * interval '2 years') + (random() * interval '23 hours') + (random() * interval '59 minutes') + (random() * interval '59 seconds'))::date, 873.0,1 , ARRAY[2,1,2,3,2]);
 SELECT * FROM new_mws(105, 44, (NOW() + (random() * interval '2 years') + (random() * interval '23 hours') + (random() * interval '59 minutes') + (random() * interval '59 seconds'))::date, 809.0,4 , ARRAY[3,1,3,2,3]);
 SELECT * FROM new_mws(106, 20, (NOW() + (random() * interval '2 years') + (random() * interval '23 hours') + (random() * interval '59 minutes') + (random() * interval '59 seconds'))::date, 756.0,3 , ARRAY[1,2,2,2,1]);
 SELECT * FROM new_mws(107, 87, (NOW() + (random() * interval '2 years') + (random() * interval '23 hours') + (random() * interval '59 minutes') + (random() * interval '59 seconds'))::date, 740.0,2 , ARRAY[3,1,2,2,1]);
 SELECT * FROM new_mws(108, 95, (NOW() + (random() * interval '2 years') + (random() * interval '23 hours') + (random() * interval '59 minutes') + (random() * interval '59 seconds'))::date, 835.0,1 , ARRAY[2,2,1,1,1]);
 SELECT * FROM new_mws(109, 79, (NOW() + (random() * interval '2 years') + (random() * interval '23 hours') + (random() * interval '59 minutes') + (random() * interval '59 seconds'))::date, 877.0,3 , ARRAY[2,1,1,3,3]);
 SELECT * FROM new_mws(110, 20, (NOW() + (random() * interval '2 years') + (random() * interval '23 hours') + (random() * interval '59 minutes') + (random() * interval '59 seconds'))::date, 880.0,2 , ARRAY[2,3,3,3,3]);
 SELECT * FROM new_mws(111, 42, (NOW() + (random() * interval '2 years') + (random() * interval '23 hours') + (random() * interval '59 minutes') + (random() * interval '59 seconds'))::date, 789.0,3 , ARRAY[3,3,1,2,2]);
 SELECT * FROM new_mws(112, 67, (NOW() + (random() * interval '2 years') + (random() * interval '23 hours') + (random() * interval '59 minutes') + (random() * interval '59 seconds'))::date, 810.0,1 , ARRAY[3,2,3,1,3]);
 SELECT * FROM new_mws(113, 97, (NOW() + (random() * interval '2 years') + (random() * interval '23 hours') + (random() * interval '59 minutes') + (random() * interval '59 seconds'))::date, 704.0,3 , ARRAY[2,2,3,2,1]);
 SELECT * FROM new_mws(114, 31, (NOW() + (random() * interval '2 years') + (random() * interval '23 hours') + (random() * interval '59 minutes') + (random() * interval '59 seconds'))::date, 881.0,3 , ARRAY[2,2,3,1,3]);
 SELECT * FROM new_mws(115, 42, (NOW() + (random() * interval '2 years') + (random() * interval '23 hours') + (random() * interval '59 minutes') + (random() * interval '59 seconds'))::date, 770.0,1 , ARRAY[1,2,1,3,3]);
 SELECT * FROM new_mws(116, 69, (NOW() + (random() * interval '2 years') + (random() * interval '23 hours') + (random() * interval '59 minutes') + (random() * interval '59 seconds'))::date, 778.0,1 , ARRAY[1,2,3,3,2]);
 SELECT * FROM new_mws(117, 91, (NOW() + (random() * interval '2 years') + (random() * interval '23 hours') + (random() * interval '59 minutes') + (random() * interval '59 seconds'))::date, 893.0,2 , ARRAY[2,3,3,1,1]);
 SELECT * FROM new_mws(118, 26, (NOW() + (random() * interval '2 years') + (random() * interval '23 hours') + (random() * interval '59 minutes') + (random() * interval '59 seconds'))::date, 771.0,4 , ARRAY[2,3,2,2,2]);
 SELECT * FROM new_mws(119, 97, (NOW() + (random() * interval '2 years') + (random() * interval '23 hours') + (random() * interval '59 minutes') + (random() * interval '59 seconds'))::date, 859.0,2 , ARRAY[1,2,1,1,3]);
 SELECT * FROM new_mws(120, 17, (NOW() + (random() * interval '2 years') + (random() * interval '23 hours') + (random() * interval '59 minutes') + (random() * interval '59 seconds'))::date, 793.0,4 , ARRAY[1,1,3,3,1]);
 SELECT * FROM new_mws(121, 3, (NOW() + (random() * interval '2 years') + (random() * interval '23 hours') + (random() * interval '59 minutes') + (random() * interval '59 seconds'))::date, 866.0,1 , ARRAY[1,3,1,2,1]);
 SELECT * FROM new_mws(122, 87, (NOW() + (random() * interval '2 years') + (random() * interval '23 hours') + (random() * interval '59 minutes') + (random() * interval '59 seconds'))::date, 753.0,4 , ARRAY[3,3,1,3,2]);
 SELECT * FROM new_mws(123, 95, (NOW() + (random() * interval '2 years') + (random() * interval '23 hours') + (random() * interval '59 minutes') + (random() * interval '59 seconds'))::date, 758.0,4 , ARRAY[2,1,1,1,1]);
 SELECT * FROM new_mws(124, 20, (NOW() + (random() * interval '2 years') + (random() * interval '23 hours') + (random() * interval '59 minutes') + (random() * interval '59 seconds'))::date, 714.0,3 , ARRAY[1,3,3,2,3]);
 SELECT * FROM new_mws(125, 5, (NOW() + (random() * interval '2 years') + (random() * interval '23 hours') + (random() * interval '59 minutes') + (random() * interval '59 seconds'))::date, 815.0,2 , ARRAY[3,3,3,1,1]);
 SELECT * FROM new_mws(126, 95, (NOW() + (random() * interval '2 years') + (random() * interval '23 hours') + (random() * interval '59 minutes') + (random() * interval '59 seconds'))::date, 771.0,1 , ARRAY[3,2,3,3,1]);
 SELECT * FROM new_mws(127, 44, (NOW() + (random() * interval '2 years') + (random() * interval '23 hours') + (random() * interval '59 minutes') + (random() * interval '59 seconds'))::date, 748.0,3 , ARRAY[1,1,1,2,2]);
 SELECT * FROM new_mws(128, 5, (NOW() + (random() * interval '2 years') + (random() * interval '23 hours') + (random() * interval '59 minutes') + (random() * interval '59 seconds'))::date, 757.0,3 , ARRAY[3,3,2,3,2]);
 SELECT * FROM new_mws(129, 42, (NOW() + (random() * interval '2 years') + (random() * interval '23 hours') + (random() * interval '59 minutes') + (random() * interval '59 seconds'))::date, 871.0,2 , ARRAY[1,3,3,1,2]);
 SELECT * FROM new_mws(130, 67, (NOW() + (random() * interval '2 years') + (random() * interval '23 hours') + (random() * interval '59 minutes') + (random() * interval '59 seconds'))::date, 806.0,4 , ARRAY[3,1,2,1,1]);
 SELECT * FROM new_mws(131, 17, (NOW() + (random() * interval '2 years') + (random() * interval '23 hours') + (random() * interval '59 minutes') + (random() * interval '59 seconds'))::date, 838.0,4 , ARRAY[3,2,1,3,1]);
 SELECT * FROM new_mws(132, 91, (NOW() + (random() * interval '2 years') + (random() * interval '23 hours') + (random() * interval '59 minutes') + (random() * interval '59 seconds'))::date, 899.0,4 , ARRAY[2,1,1,3,2]);
 SELECT * FROM new_mws(133, 5, (NOW() + (random() * interval '2 years') + (random() * interval '23 hours') + (random() * interval '59 minutes') + (random() * interval '59 seconds'))::date, 842.0,3 , ARRAY[3,2,2,3,3]);
 SELECT * FROM new_mws(134, 42, (NOW() + (random() * interval '2 years') + (random() * interval '23 hours') + (random() * interval '59 minutes') + (random() * interval '59 seconds'))::date, 865.0,1 , ARRAY[1,1,3,1,1]);
 SELECT * FROM new_mws(135, 3, (NOW() + (random() * interval '2 years') + (random() * interval '23 hours') + (random() * interval '59 minutes') + (random() * interval '59 seconds'))::date, 754.0,1 , ARRAY[1,2,1,1,1]);
 SELECT * FROM new_mws(136, 69, (NOW() + (random() * interval '2 years') + (random() * interval '23 hours') + (random() * interval '59 minutes') + (random() * interval '59 seconds'))::date, 840.0,3 , ARRAY[2,2,2,2,1]);
 SELECT * FROM new_mws(137, 5, (NOW() + (random() * interval '2 years') + (random() * interval '23 hours') + (random() * interval '59 minutes') + (random() * interval '59 seconds'))::date, 720.0,4 , ARRAY[3,2,1,2,3]);
 SELECT * FROM new_mws(138, 67, (NOW() + (random() * interval '2 years') + (random() * interval '23 hours') + (random() * interval '59 minutes') + (random() * interval '59 seconds'))::date, 726.0,3 , ARRAY[3,3,3,1,3]);
 SELECT * FROM new_mws(139, 69, (NOW() + (random() * interval '2 years') + (random() * interval '23 hours') + (random() * interval '59 minutes') + (random() * interval '59 seconds'))::date, 754.0,2 , ARRAY[3,1,1,2,2]);
 SELECT * FROM new_mws(140, 95, (NOW() + (random() * interval '2 years') + (random() * interval '23 hours') + (random() * interval '59 minutes') + (random() * interval '59 seconds'))::date, 892.0,2 , ARRAY[2,1,3,1,1]);
 SELECT * FROM new_mws(141, 69, (NOW() + (random() * interval '2 years') + (random() * interval '23 hours') + (random() * interval '59 minutes') + (random() * interval '59 seconds'))::date, 838.0,3 , ARRAY[1,2,2,3,2]);
 SELECT * FROM new_mws(142, 87, (NOW() + (random() * interval '2 years') + (random() * interval '23 hours') + (random() * interval '59 minutes') + (random() * interval '59 seconds'))::date, 865.0,1 , ARRAY[3,1,1,3,1]);
 SELECT * FROM new_mws(143, 3, (NOW() + (random() * interval '2 years') + (random() * interval '23 hours') + (random() * interval '59 minutes') + (random() * interval '59 seconds'))::date, 857.0,2 , ARRAY[3,1,2,2,2]);
 SELECT * FROM new_mws(144, 87, (NOW() + (random() * interval '2 years') + (random() * interval '23 hours') + (random() * interval '59 minutes') + (random() * interval '59 seconds'))::date, 783.0,3 , ARRAY[2,1,2,1,3]);
 SELECT * FROM new_mws(145, 42, (NOW() + (random() * interval '2 years') + (random() * interval '23 hours') + (random() * interval '59 minutes') + (random() * interval '59 seconds'))::date, 733.0,4 , ARRAY[1,1,3,2,3]);
 SELECT * FROM new_mws(146, 97, (NOW() + (random() * interval '2 years') + (random() * interval '23 hours') + (random() * interval '59 minutes') + (random() * interval '59 seconds'))::date, 810.0,4 , ARRAY[1,1,1,2,1]);
 SELECT * FROM new_mws(147, 3, (NOW() + (random() * interval '2 years') + (random() * interval '23 hours') + (random() * interval '59 minutes') + (random() * interval '59 seconds'))::date, 751.0,3 , ARRAY[1,2,3,3,3]);
 SELECT * FROM new_mws(148, 42, (NOW() + (random() * interval '2 years') + (random() * interval '23 hours') + (random() * interval '59 minutes') + (random() * interval '59 seconds'))::date, 891.0,1 , ARRAY[3,3,1,1,2]);
 SELECT * FROM new_mws(149, 20, (NOW() + (random() * interval '2 years') + (random() * interval '23 hours') + (random() * interval '59 minutes') + (random() * interval '59 seconds'))::date, 849.0,2 , ARRAY[3,1,1,3,2]);
 SELECT * FROM new_mws(150, 3, (NOW() + (random() * interval '2 years') + (random() * interval '23 hours') + (random() * interval '59 minutes') + (random() * interval '59 seconds'))::date, 727.0,4 , ARRAY[3,1,2,3,3]);
 SELECT * FROM new_mws(151, 17, (NOW() + (random() * interval '2 years') + (random() * interval '23 hours') + (random() * interval '59 minutes') + (random() * interval '59 seconds'))::date, 826.0,2 , ARRAY[1,3,1,1,1]);
 
