------------------
----- Users ------
------------------
INSERT INTO FDSManagers (userId, type, userName, userPassowrd, firstName, lastName, email, phoneNumber, registrationDate, active)
  VALUES (DEFAULT, 4, 'hbogie0', '2oV0Wpo', 'Halie', 'Bogie', 'hbogie0@earthlink.net', '60690938', NOW() - (interval '5 years') + (random() * interval '23 hours') + (random() * interval '59 minutes') + (random() * interval '59 seconds'), 't');

INSERT INTO FDSManagers (userId, type, userName, userPassowrd, firstName, lastName, email, phoneNumber, registrationDate, active)
  VALUES (DEFAULT, 4, 'ldufray1', '2NGPg0', 'Lamond', 'Du Fray', 'ldufray1@salon.com', '83119402', NOW() - (interval '5 years') + (random() * interval '23 hours') + (random() * interval '59 minutes') + (random() * interval '59 seconds'), 'f');

INSERT INTO FDSManagers (userId, type, userName, userPassowrd, firstName, lastName, email, phoneNumber, registrationDate, active)
  VALUES (DEFAULT, 4, 'ehaslum2', 'seJd78', 'Emlyn', 'Haslum', 'ehaslum2@cafepress.com', '92332086', NOW() - (interval '5 years') + (random() * interval '23 hours') + (random() * interval '59 minutes') + (random() * interval '59 seconds'), 't');

INSERT INTO FDSManagers (userId, type, userName, userPassowrd, firstName, lastName, email, phoneNumber, registrationDate, active)
  VALUES (DEFAULT, 4, 'yderle3', 'UM6fWyBlyETB', 'Yvon', 'Derle', 'yderle3@sakura.ne.jp', '92658500', NOW() - (interval '5 years') + (random() * interval '23 hours') + (random() * interval '59 minutes') + (random() * interval '59 seconds'), 'f');

INSERT INTO Customers (userId, type, userName, userPassowrd, firstName, lastName, email, phoneNumber, registrationDate, active)
  VALUES (DEFAULT, 1, 'sharcus0', 'tvhf0ivDdR', 'Stoddard', 'Harcus', 'sharcus0@mapy.cz', '85096217', NOW() - (random() * interval '5 years') + (random() * interval '23 hours') + (random() * interval '59 minutes') + (random() * interval '59 seconds'), 't');

INSERT INTO Customers (userId, type, userName, userPassowrd, firstName, lastName, email, phoneNumber, registrationDate, active)
  VALUES (DEFAULT, 1, 'croskam1', 'Y6DfS70MFaBE', 'Chelsy', 'Roskam', 'croskam1@gravatar.com', '92045140', NOW() - (random() * interval '5 years') + (random() * interval '23 hours') + (random() * interval '59 minutes') + (random() * interval '59 seconds'), 'f');

INSERT INTO Customers (userId, type, userName, userPassowrd, firstName, lastName, email, phoneNumber, registrationDate, active)
  VALUES (DEFAULT, 1, 'sherries2', '7GaoU0ti6', 'Stanislas', 'Herries', 'sherries2@fc2.com', '67219834', NOW() - (random() * interval '5 years') + (random() * interval '23 hours') + (random() * interval '59 minutes') + (random() * interval '59 seconds'), 't');

INSERT INTO Customers (userId, type, userName, userPassowrd, firstName, lastName, email, phoneNumber, registrationDate, active)
  VALUES (DEFAULT, 1, 'jwatford3', 'uRl9GF41', 'Jehu', 'Watford', 'jwatford3@t-online.de', '82426087', NOW() - (random() * interval '5 years') + (random() * interval '23 hours') + (random() * interval '59 minutes') + (random() * interval '59 seconds'), 'f');

INSERT INTO Customers (userId, type, userName, userPassowrd, firstName, lastName, email, phoneNumber, registrationDate, active)
  VALUES (DEFAULT, 1, 'dhinz4', 'D7F0jGVku', 'Douglass', 'Hinz', 'dhinz4@comcast.net', '86339432', NOW() - (random() * interval '5 years') + (random() * interval '23 hours') + (random() * interval '59 minutes') + (random() * interval '59 seconds'). 't');

INSERT INTO Customers (userId, type, userName, userPassowrd, firstName, lastName, email, phoneNumber, registrationDate, active)
  VALUES (DEFAULT, 1, 'yfitzsimons5', 'CUTcjxQyf3q', 'Yuma', 'Fitzsimons', 'yfitzsimons5@seattletimes.com', '89227882', NOW() - (random() * interval '5 years') + (random() * interval '23 hours') + (random() * interval '59 minutes') + (random() * interval '59 seconds'), 'f');

INSERT INTO Customers (userId, type, userName, userPassowrd, firstName, lastName, email, phoneNumber, registrationDate, active)
  VALUES (DEFAULT, 1, 'btuffey6', '0LUU5Z', 'Boothe', 'Tuffey', 'btuffey6@webs.com', '98016785', NOW() - (random() * interval '5 years') + (random() * interval '23 hours') + (random() * interval '59 minutes') + (random() * interval '59 seconds'), 't');

INSERT INTO Customers (userId, type, userName, userPassowrd, firstName, lastName, email, phoneNumber, registrationDate, active)
  VALUES (DEFAULT, 1, 'jgutherson7', '2VyWCGLJ', 'Jill', 'Gutherson', 'jgutherson7@intel.com', '61728893', NOW() - (random() * interval '5 years') + (random() * interval '23 hours') + (random() * interval '59 minutes') + (random() * interval '59 seconds'), 'f');

INSERT INTO Customers (userId, type, userName, userPassowrd, firstName, lastName, email, phoneNumber, registrationDate, active)
  VALUES (DEFAULT, 1, 'bcumberpatch8', '2oBvpL', 'Berni', 'Cumberpatch', 'bcumberpatch8@xing.com', '85931687', NOW() - (random() * interval '5 years') + (random() * interval '23 hours') + (random() * interval '59 minutes') + (random() * interval '59 seconds'), 't');

INSERT INTO Customers (userId, type, userName, userPassowrd, firstName, lastName, email, phoneNumber, registrationDate, active)
  VALUES (DEFAULT, 1, 'dtumilson9', 'tPBhI3kD', 'Danice', 'Tumilson', 'dtumilson9@flavors.me', '83071317', NOW() - (random() * interval '5 years') + (random() * interval '23 hours') + (random() * interval '59 minutes') + (random() * interval '59 seconds'), 'f');

INSERT INTO Customers (userId, type, userName, userPassowrd, firstName, lastName, email, phoneNumber, registrationDate, active)
  VALUES (DEFAULT, 1, 'dfehelya', 'iMqvYNAUs', 'Darrelle', 'Fehely', 'dfehelya@cdbaby.com', '61345771', NOW() - (random() * interval '5 years') + (random() * interval '23 hours') + (random() * interval '59 minutes') + (random() * interval '59 seconds'), 't');

INSERT INTO Customers (userId, type, userName, userPassowrd, firstName, lastName, email, phoneNumber, registrationDate, active)
  VALUES (DEFAULT, 1, 'jingarfillb', 'xuYsjg7qcypq', 'Jordain', 'Ingarfill', 'jingarfillb@wp.com', '97422443', NOW() - (random() * interval '5 years') + (random() * interval '23 hours') + (random() * interval '59 minutes') + (random() * interval '59 seconds'), 'f');

INSERT INTO Customers (userId, type, userName, userPassowrd, firstName, lastName, email, phoneNumber, registrationDate, active)
  VALUES (DEFAULT, 1, 'dtabbittc', '94ADplNeA7yj', 'Daisy', 'Tabbitt', 'dtabbittc@boston.com', '89363689', NOW() - (random() * interval '5 years') + (random() * interval '23 hours') + (random() * interval '59 minutes') + (random() * interval '59 seconds'), 't');

INSERT INTO Customers (userId, type, userName, userPassowrd, firstName, lastName, email, phoneNumber, registrationDate, active)
  VALUES (DEFAULT, 1, 'dethertond', 'a0mUyzele8', 'Derk', 'Etherton', 'dethertond@ebay.com', '98076906', NOW() - (random() * interval '5 years') + (random() * interval '23 hours') + (random() * interval '59 minutes') + (random() * interval '59 seconds'), 'f');

INSERT INTO Customers (userId, type, userName, userPassowrd, firstName, lastName, email, phoneNumber, registrationDate, active)
  VALUES (DEFAULT, 1, 'emartinete', 'DHBnfJcmcXW', 'Ellwood', 'Martinet', 'emartinete@washingtonpost.com', '94920581', NOW() - (random() * interval '5 years') + (random() * interval '23 hours') + (random() * interval '59 minutes') + (random() * interval '59 seconds'), 't');

INSERT INTO Customers (userId, type, userName, userPassowrd, firstName, lastName, email, phoneNumber, registrationDate, active)
  VALUES (DEFAULT, 1, 'dstannionf', 'll6VgwlzP', 'Dianna', 'Stannion', 'dstannionf@dmoz.org', '94067798', NOW() - (random() * interval '5 years') + (random() * interval '23 hours') + (random() * interval '59 minutes') + (random() * interval '59 seconds'), 'f');

INSERT INTO Customers (userId, type, userName, userPassowrd, firstName, lastName, email, phoneNumber, registrationDate, active)
  VALUES (DEFAULT, 1, 'odukeg', 'dIWgbGa', 'Orella', 'Duke', 'odukeg@hao123.com', '87425358', NOW() - (random() * interval '5 years') + (random() * interval '23 hours') + (random() * interval '59 minutes') + (random() * interval '59 seconds'), 't');

INSERT INTO Customers (userId, type, userName, userPassowrd, firstName, lastName, email, phoneNumber, registrationDate, active)
  VALUES (DEFAULT, 1, 'rpiscullih', '4ysxouzDkR7F', 'Roxane', 'Pisculli', 'rpiscullih@bing.com', '97045119', NOW() - (random() * interval '5 years') + (random() * interval '23 hours') + (random() * interval '59 minutes') + (random() * interval '59 seconds'), 'f');

INSERT INTO Customers (userId, type, userName, userPassowrd, firstName, lastName, email, phoneNumber, registrationDate, active)
  VALUES (DEFAULT, 1, 'lklemensiewiczi', 'p45KOIibZJ', 'Leora', 'Klemensiewicz', 'lklemensiewiczi@time.com', '98563852', NOW() - (random() * interval '5 years') + (random() * interval '23 hours') + (random() * interval '59 minutes') + (random() * interval '59 seconds'), 't');

INSERT INTO Customers (userId, type, userName, userPassowrd, firstName, lastName, email, phoneNumber, registrationDate, active)
  VALUES (DEFAULT, 1, 'slavrickj', 'JVkrs1J0', 'Shep', 'Lavrick', 'slavrickj@bigcartel.com', '80881582', NOW() - (random() * interval '5 years') + (random() * interval '23 hours') + (random() * interval '59 minutes') + (random() * interval '59 seconds'), 'f');

INSERT INTO Riders (userId, type, userName, userPassowrd, firstName, lastName, email, phoneNumber, registrationDate, total_deliveries)
  VALUES (DEFAULT, 'mjoplin0', '99mRUK9SIy', 'Marylinda', 'Joplin', 'mjoplin0@zdnet.com', '91156281', NOW() - (random() * interval '5 years') + (random() * interval '23 hours') + (random() * interval '59 minutes') + (random() * interval '59 seconds'), 15);

INSERT INTO Riders (userId, type, userName, userPassowrd, firstName, lastName, email, phoneNumber, registrationDate, total_deliveries)
  VALUES (DEFAULT, 'nstiven1', 'bYarJszgIWrW', 'Nolana', 'Stiven', 'nstiven1@live.com', '89047851', NOW() - (random() * interval '5 years') + (random() * interval '23 hours') + (random() * interval '59 minutes') + (random() * interval '59 seconds'), 12);

INSERT INTO Riders (userId, type, userName, userPassowrd, firstName, lastName, email, phoneNumber, registrationDate, total_deliveries)
  VALUES (DEFAULT, 'mstrete2', 'Gm9FEPo', 'Merl', 'Strete', 'mstrete2@sbwire.com', '96559892', NOW() - (random() * interval '5 years') + (random() * interval '23 hours') + (random() * interval '59 minutes') + (random() * interval '59 seconds'), 29);

INSERT INTO Riders (userId, type, userName, userPassowrd, firstName, lastName, email, phoneNumber, registrationDate, total_deliveries)
  VALUES (DEFAULT, 'ymacgibbon3', 'CEpdTkWI', 'Yetty', 'MacGibbon', 'ymacgibbon3@nhs.uk', '95690961', NOW() - (random() * interval '5 years') + (random() * interval '23 hours') + (random() * interval '59 minutes') + (random() * interval '59 seconds'), 4);

INSERT INTO Riders (userId, type, userName, userPassowrd, firstName, lastName, email, phoneNumber, registrationDate, total_deliveries)
  VALUES (DEFAULT, 'jantonias4', '6hgaM9p082', 'Jillene', 'Antonias', 'jantonias4@flavors.me', '97666473', NOW() - (random() * interval '5 years') + (random() * interval '23 hours') + (random() * interval '59 minutes') + (random() * interval '59 seconds'), 17);

INSERT INTO Riders (userId, type, userName, userPassowrd, firstName, lastName, email, phoneNumber, registrationDate, total_deliveries)
  VALUES (DEFAULT, 'bblancowe5', 'H8bHy0pWD3c', 'Brena', 'Blancowe', 'bblancowe5@microsoft.com', '94277769', NOW() - (random() * interval '5 years') + (random() * interval '23 hours') + (random() * interval '59 minutes') + (random() * interval '59 seconds'), 15);

INSERT INTO Riders (userId, type, userName, userPassowrd, firstName, lastName, email, phoneNumber, registrationDate, total_deliveries)
  VALUES (DEFAULT, 'hgeely6', 'MqjEJ6k1xHA', 'Herbert', 'Geely', 'hgeely6@yahoo.com', '91023570', NOW() - (random() * interval '5 years') + (random() * interval '23 hours') + (random() * interval '59 minutes') + (random() * interval '59 seconds'), 14);

INSERT INTO Riders (userId, type, userName, userPassowrd, firstName, lastName, email, phoneNumber, registrationDate, total_deliveries)
  VALUES (DEFAULT, 'kfairholme7', 'ShDCocYU656', 'Kip', 'Fairholme', 'kfairholme7@theguardian.com', '95716269', NOW() - (random() * interval '5 years') + (random() * interval '23 hours') + (random() * interval '59 minutes') + (random() * interval '59 seconds'), 27);

INSERT INTO Riders (userId, type, userName, userPassowrd, firstName, lastName, email, phoneNumber, registrationDate, total_deliveries)
  VALUES (DEFAULT, 'lheathcote8', 'SanzKbe1', 'Lillis', 'Heathcote', 'lheathcote8@abc.net.au', '81534822', NOW() - (random() * interval '5 years') + (random() * interval '23 hours') + (random() * interval '59 minutes') + (random() * interval '59 seconds'), 17);

INSERT INTO Riders (userId, type, userName, userPassowrd, firstName, lastName, email, phoneNumber, registrationDate, total_deliveries)
  VALUES (DEFAULT, 'lcheccucci9', 'e32mCzi5je', 'Leo', 'Checcucci', 'lcheccucci9@guardian.co.uk', '65568625', NOW() - (random() * interval '5 years') + (random() * interval '23 hours') + (random() * interval '59 minutes') + (random() * interval '59 seconds'), 8);

INSERT INTO Riders (userId, type, userName, userPassowrd, firstName, lastName, email, phoneNumber, registrationDate, total_deliveries)
  VALUES (DEFAULT, 'awehnerra', 'dbCvYC', 'Amity', 'Wehnerr', 'awehnerra@nature.com', '90190740', NOW() - (random() * interval '5 years') + (random() * interval '23 hours') + (random() * interval '59 minutes') + (random() * interval '59 seconds'), 29);

INSERT INTO Riders (userId, type, userName, userPassowrd, firstName, lastName, email, phoneNumber, registrationDate, total_deliveries)
  VALUES (DEFAULT, 'mcomptonb', 'Tq8QfSOPk', 'Meghann', 'Compton', 'mcomptonb@wired.com', '91859184', NOW() - (random() * interval '5 years') + (random() * interval '23 hours') + (random() * interval '59 minutes') + (random() * interval '59 seconds'), 5);

INSERT INTO Riders (userId, type, userName, userPassowrd, firstName, lastName, email, phoneNumber, registrationDate, total_deliveries)
  VALUES (DEFAULT, 'lcoweuppec', 'mj4fYK', 'Lorianna', 'Coweuppe', 'lcoweuppec@nyu.edu', '93321355', NOW() - (random() * interval '5 years') + (random() * interval '23 hours') + (random() * interval '59 minutes') + (random() * interval '59 seconds'), 0);

INSERT INTO Riders (userId, type, userName, userPassowrd, firstName, lastName, email, phoneNumber, registrationDate, total_deliveries)
  VALUES (DEFAULT, 'wvaggesd', '5W0Ipa2UNz', 'Willard', 'Vagges', 'wvaggesd@home.pl', '96079876', NOW() - (random() * interval '5 years') + (random() * interval '23 hours') + (random() * interval '59 minutes') + (random() * interval '59 seconds'), 6);

INSERT INTO Riders (userId, type, userName, userPassowrd, firstName, lastName, email, phoneNumber, registrationDate, total_deliveries)
  VALUES (DEFAULT, 'mkhomine', 'm1qZuIz', 'Marj', 'Khomin', 'mkhomine@archive.org', '90933430', NOW() - (random() * interval '5 years') + (random() * interval '23 hours') + (random() * interval '59 minutes') + (random() * interval '59 seconds'), 28);


------------------
-- FDS MANAGERS --
------------------

INSERT INTO FDSManagers (userId, type, userName, userPassowrd, firstName, lastName, email, phoneNumber, registrationDate, active)
  VALUES (DEFAULT, 4, 'hbogie0', '2oV0Wpo', 'Halie', 'Bogie', 'hbogie0@earthlink.net', '60690938', NOW() - (interval '5 years') + (random() * interval '23 hours') + (random() * interval '59 minutes') + (random() * interval '59 seconds'), 't');

INSERT INTO FDSManagers (userId, type, userName, userPassowrd, firstName, lastName, email, phoneNumber, registrationDate, active)
  VALUES (DEFAULT, 4, 'ldufray1', '2NGPg0', 'Lamond', 'Du Fray', 'ldufray1@salon.com', '83119402', NOW() - (interval '5 years') + (random() * interval '23 hours') + (random() * interval '59 minutes') + (random() * interval '59 seconds'), 'f');

INSERT INTO FDSManagers (userId, type, userName, userPassowrd, firstName, lastName, email, phoneNumber, registrationDate, active)
  VALUES (DEFAULT, 4, 'ehaslum2', 'seJd78', 'Emlyn', 'Haslum', 'ehaslum2@cafepress.com', '92332086', NOW() - (interval '5 years') + (random() * interval '23 hours') + (random() * interval '59 minutes') + (random() * interval '59 seconds'), 't');

INSERT INTO FDSManagers (userId, type, userName, userPassowrd, firstName, lastName, email, phoneNumber, registrationDate, active)
  VALUES (DEFAULT, 4, 'yderle3', 'UM6fWyBlyETB', 'Yvon', 'Derle', 'yderle3@sakura.ne.jp', '92658500', NOW() - (interval '5 years') + (random() * interval '23 hours') + (random() * interval '59 minutes') + (random() * interval '59 seconds'), 'f');

---------------
-- CUSTOMERS --
---------------

INSERT INTO Customers (userId, type, userName, userPassowrd, firstName, lastName, email, phoneNumber, registrationDate, active)
  VALUES (DEFAULT, 1, 'sharcus0', 'tvhf0ivDdR', 'Stoddard', 'Harcus', 'sharcus0@mapy.cz', '85096217', NOW() - (random() * interval '5 years') + (random() * interval '23 hours') + (random() * interval '59 minutes') + (random() * interval '59 seconds'), 't');

INSERT INTO Customers (userId, type, userName, userPassowrd, firstName, lastName, email, phoneNumber, registrationDate, active)
  VALUES (DEFAULT, 1, 'croskam1', 'Y6DfS70MFaBE', 'Chelsy', 'Roskam', 'croskam1@gravatar.com', '92045140', NOW() - (random() * interval '5 years') + (random() * interval '23 hours') + (random() * interval '59 minutes') + (random() * interval '59 seconds'), 'f');

INSERT INTO Customers (userId, type, userName, userPassowrd, firstName, lastName, email, phoneNumber, registrationDate, active)
  VALUES (DEFAULT, 1, 'sherries2', '7GaoU0ti6', 'Stanislas', 'Herries', 'sherries2@fc2.com', '67219834', NOW() - (random() * interval '5 years') + (random() * interval '23 hours') + (random() * interval '59 minutes') + (random() * interval '59 seconds'), 't');

INSERT INTO Customers (userId, type, userName, userPassowrd, firstName, lastName, email, phoneNumber, registrationDate, active)
  VALUES (DEFAULT, 1, 'jwatford3', 'uRl9GF41', 'Jehu', 'Watford', 'jwatford3@t-online.de', '82426087', NOW() - (random() * interval '5 years') + (random() * interval '23 hours') + (random() * interval '59 minutes') + (random() * interval '59 seconds'), 'f');

INSERT INTO Customers (userId, type, userName, userPassowrd, firstName, lastName, email, phoneNumber, registrationDate, active)
  VALUES (DEFAULT, 1, 'dhinz4', 'D7F0jGVku', 'Douglass', 'Hinz', 'dhinz4@comcast.net', '86339432', NOW() - (random() * interval '5 years') + (random() * interval '23 hours') + (random() * interval '59 minutes') + (random() * interval '59 seconds'), 't');

INSERT INTO Customers (userId, type, userName, userPassowrd, firstName, lastName, email, phoneNumber, registrationDate, active)
  VALUES (DEFAULT, 1, 'yfitzsimons5', 'CUTcjxQyf3q', 'Yuma', 'Fitzsimons', 'yfitzsimons5@seattletimes.com', '89227882', NOW() - (random() * interval '5 years') + (random() * interval '23 hours') + (random() * interval '59 minutes') + (random() * interval '59 seconds'), 'f');

INSERT INTO Customers (userId, type, userName, userPassowrd, firstName, lastName, email, phoneNumber, registrationDate, active)
  VALUES (DEFAULT, 1, 'btuffey6', '0LUU5Z', 'Boothe', 'Tuffey', 'btuffey6@webs.com', '98016785', NOW() - (random() * interval '5 years') + (random() * interval '23 hours') + (random() * interval '59 minutes') + (random() * interval '59 seconds'), 't');

INSERT INTO Customers (userId, type, userName, userPassowrd, firstName, lastName, email, phoneNumber, registrationDate, active)
  VALUES (DEFAULT, 1, 'jgutherson7', '2VyWCGLJ', 'Jill', 'Gutherson', 'jgutherson7@intel.com', '61728893', NOW() - (random() * interval '5 years') + (random() * interval '23 hours') + (random() * interval '59 minutes') + (random() * interval '59 seconds'), 'f');

INSERT INTO Customers (userId, type, userName, userPassowrd, firstName, lastName, email, phoneNumber, registrationDate, active)
  VALUES (DEFAULT, 1, 'bcumberpatch8', '2oBvpL', 'Berni', 'Cumberpatch', 'bcumberpatch8@xing.com', '85931687', NOW() - (random() * interval '5 years') + (random() * interval '23 hours') + (random() * interval '59 minutes') + (random() * interval '59 seconds'), 't');

INSERT INTO Customers (userId, type, userName, userPassowrd, firstName, lastName, email, phoneNumber, registrationDate, active)
  VALUES (DEFAULT, 1, 'dtumilson9', 'tPBhI3kD', 'Danice', 'Tumilson', 'dtumilson9@flavors.me', '83071317', NOW() - (random() * interval '5 years') + (random() * interval '23 hours') + (random() * interval '59 minutes') + (random() * interval '59 seconds'), 'f');

INSERT INTO Customers (userId, type, userName, userPassowrd, firstName, lastName, email, phoneNumber, registrationDate, active)
  VALUES (DEFAULT, 1, 'dfehelya', 'iMqvYNAUs', 'Darrelle', 'Fehely', 'dfehelya@cdbaby.com', '61345771', NOW() - (random() * interval '5 years') + (random() * interval '23 hours') + (random() * interval '59 minutes') + (random() * interval '59 seconds'), 't');

INSERT INTO Customers (userId, type, userName, userPassowrd, firstName, lastName, email, phoneNumber, registrationDate, active)
  VALUES (DEFAULT, 1, 'jingarfillb', 'xuYsjg7qcypq', 'Jordain', 'Ingarfill', 'jingarfillb@wp.com', '97422443', NOW() - (random() * interval '5 years') + (random() * interval '23 hours') + (random() * interval '59 minutes') + (random() * interval '59 seconds'), 'f');

INSERT INTO Customers (userId, type, userName, userPassowrd, firstName, lastName, email, phoneNumber, registrationDate, active)
  VALUES (DEFAULT, 1, 'dtabbittc', '94ADplNeA7yj', 'Daisy', 'Tabbitt', 'dtabbittc@boston.com', '89363689', NOW() - (random() * interval '5 years') + (random() * interval '23 hours') + (random() * interval '59 minutes') + (random() * interval '59 seconds'), 't');

INSERT INTO Customers (userId, type, userName, userPassowrd, firstName, lastName, email, phoneNumber, registrationDate, active)
  VALUES (DEFAULT, 1, 'dethertond', 'a0mUyzele8', 'Derk', 'Etherton', 'dethertond@ebay.com', '98076906', NOW() - (random() * interval '5 years') + (random() * interval '23 hours') + (random() * interval '59 minutes') + (random() * interval '59 seconds'), 'f');

INSERT INTO Customers (userId, type, userName, userPassowrd, firstName, lastName, email, phoneNumber, registrationDate, active)
  VALUES (DEFAULT, 1, 'emartinete', 'DHBnfJcmcXW', 'Ellwood', 'Martinet', 'emartinete@washingtonpost.com', '94920581', NOW() - (random() * interval '5 years') + (random() * interval '23 hours') + (random() * interval '59 minutes') + (random() * interval '59 seconds'), 't');

INSERT INTO Customers (userId, type, userName, userPassowrd, firstName, lastName, email, phoneNumber, registrationDate, active)
  VALUES (DEFAULT, 1, 'dstannionf', 'll6VgwlzP', 'Dianna', 'Stannion', 'dstannionf@dmoz.org', '94067798', NOW() - (random() * interval '5 years') + (random() * interval '23 hours') + (random() * interval '59 minutes') + (random() * interval '59 seconds'), 'f');

INSERT INTO Customers (userId, type, userName, userPassowrd, firstName, lastName, email, phoneNumber, registrationDate, active)
  VALUES (DEFAULT, 1, 'odukeg', 'dIWgbGa', 'Orella', 'Duke', 'odukeg@hao123.com', '87425358', NOW() - (random() * interval '5 years') + (random() * interval '23 hours') + (random() * interval '59 minutes') + (random() * interval '59 seconds'), 't');

INSERT INTO Customers (userId, type, userName, userPassowrd, firstName, lastName, email, phoneNumber, registrationDate, active)
  VALUES (DEFAULT, 1, 'rpiscullih', '4ysxouzDkR7F', 'Roxane', 'Pisculli', 'rpiscullih@bing.com', '97045119', NOW() - (random() * interval '5 years') + (random() * interval '23 hours') + (random() * interval '59 minutes') + (random() * interval '59 seconds'), 'f');

INSERT INTO Customers (userId, type, userName, userPassowrd, firstName, lastName, email, phoneNumber, registrationDate, active)
  VALUES (DEFAULT, 1, 'lklemensiewiczi', 'p45KOIibZJ', 'Leora', 'Klemensiewicz', 'lklemensiewiczi@time.com', '98563852', NOW() - (random() * interval '5 years') + (random() * interval '23 hours') + (random() * interval '59 minutes') + (random() * interval '59 seconds'), 't');

INSERT INTO Customers (userId, type, userName, userPassowrd, firstName, lastName, email, phoneNumber, registrationDate, active)
  VALUES (DEFAULT, 1, 'slavrickj', 'JVkrs1J0', 'Shep', 'Lavrick', 'slavrickj@bigcartel.com', '80881582', NOW() - (random() * interval '5 years') + (random() * interval '23 hours') + (random() * interval '59 minutes') + (random() * interval '59 seconds'), 'f');

------------------
-- CREDIT CARDS --
------------------

INSERT INTO CreditCards (userId, card_no, cvv_no, name_on_card, card_type, expiry_date)
  VALUES (7, '3537771022455820', '0510', 'BRINEY SHADDICK', 'jcb', last_day ((now()::date + (random() * interval '5 years'))::date));

INSERT INTO CreditCards (userId, card_no, cvv_no, name_on_card, card_type, expiry_date)
  VALUES (5, '3586676110384289', '7947', 'CAMMY CLEOBURY', 'jcb', last_day ((now()::date + (random() * interval '5 years'))::date));

INSERT INTO CreditCards (userId, card_no, cvv_no, name_on_card, card_type, expiry_date)
  VALUES (15, '5550105555083336', '4273', 'JACQUELYN SEARSON', 'mastercard', last_day ((now()::date + (random() * interval '5 years'))::date));

INSERT INTO CreditCards (userId, card_no, cvv_no, name_on_card, card_type, expiry_date)
  VALUES (19, '5602219917933134', '226', 'MAURISE MAPLETHORPE', 'bankcard', last_day ((now()::date + (random() * interval '5 years'))::date));

INSERT INTO CreditCards (userId, card_no, cvv_no, name_on_card, card_type, expiry_date)
  VALUES (6, '4903986281048462', '7799', 'DEVA CHURCHLEY', 'switch', last_day ((now()::date + (random() * interval '5 years'))::date));

INSERT INTO CreditCards (userId, card_no, cvv_no, name_on_card, card_type, expiry_date)
  VALUES (24, '201567223433561', '3178', 'MONROE HUZZEY', 'diners-club-enroute', last_day ((now()::date + (random() * interval '5 years'))::date));

INSERT INTO CreditCards (userId, card_no, cvv_no, name_on_card, card_type, expiry_date)
  VALUES (12, '5151506736918816', '992', 'TANITANSY PILSBURY', 'mastercard', last_day ((now()::date + (random() * interval '5 years'))::date));

INSERT INTO CreditCards (userId, card_no, cvv_no, name_on_card, card_type, expiry_date)
  VALUES (20, '5108751437906207', '3826', 'BAYARD KILBOURNE', 'mastercard', last_day ((now()::date + (random() * interval '5 years'))::date));

INSERT INTO CreditCards (userId, card_no, cvv_no, name_on_card, card_type, expiry_date)
  VALUES (21, '3562138540625391', '4832', 'DORIS RIDETT', 'jcb', last_day ((now()::date + (random() * interval '5 years'))::date));

INSERT INTO CreditCards (userId, card_no, cvv_no, name_on_card, card_type, expiry_date)
  VALUES (14, '5572998797411099', '761', 'CECIL SODA', 'diners-club-us-ca', last_day ((now()::date + (random() * interval '5 years'))::date));

INSERT INTO CreditCards (userId, card_no, cvv_no, name_on_card, card_type, expiry_date)
  VALUES (9, '50380142212451111', '6389', 'LETICIA KEPPIE', 'maestro', last_day ((now()::date + (random() * interval '5 years'))::date));

INSERT INTO CreditCards (userId, card_no, cvv_no, name_on_card, card_type, expiry_date)
  VALUES (10, '5100170636401811', '078', 'JUNIE TOURS', 'mastercard', last_day ((now()::date + (random() * interval '5 years'))::date));

INSERT INTO CreditCards (userId, card_no, cvv_no, name_on_card, card_type, expiry_date)
  VALUES (7, '3569446152172518', '385', 'GYPSY NORTHGRAVES', 'jcb', last_day ((now()::date + (random() * interval '5 years'))::date));

INSERT INTO CreditCards (userId, card_no, cvv_no, name_on_card, card_type, expiry_date)
  VALUES (6, '3537814557273000', '9573', 'DARLA SZABO', 'jcb', last_day ((now()::date + (random() * interval '5 years'))::date));

INSERT INTO CreditCards (userId, card_no, cvv_no, name_on_card, card_type, expiry_date)
  VALUES (11, '3533047214118375', '243', 'DOROLISA KAUSCHER', 'jcb', last_day ((now()::date + (random() * interval '5 years'))::date));

INSERT INTO CreditCards (userId, card_no, cvv_no, name_on_card, card_type, expiry_date)
  VALUES (7, '5602229221249663', '2416', 'HUEY COURTOIS', 'china-unionpay', last_day ((now()::date + (random() * interval '5 years'))::date));

INSERT INTO CreditCards (userId, card_no, cvv_no, name_on_card, card_type, expiry_date)
  VALUES (16, '3557395920471377', '6002', 'BARBEY FARGUHAR', 'jcb', last_day ((now()::date + (random() * interval '5 years'))::date));

INSERT INTO CreditCards (userId, card_no, cvv_no, name_on_card, card_type, expiry_date)
  VALUES (10, '4026346520590539', '4662', 'THOMAS CROIX', 'visa-electron', last_day ((now()::date + (random() * interval '5 years'))::date));

INSERT INTO CreditCards (userId, card_no, cvv_no, name_on_card, card_type, expiry_date)
  VALUES (18, '6771091682123417284', '6320', 'MAYBELLE FERRAR', 'laser', last_day ((now()::date + (random() * interval '5 years'))::date));

INSERT INTO CreditCards (userId, card_no, cvv_no, name_on_card, card_type, expiry_date)
  VALUES (5, '3579522824652612', '731', 'LOYDIE FIGGER', 'jcb', last_day ((now()::date + (random() * interval '5 years'))::date));

-----------------
-- RESTAURANTS --
-----------------

INSERT INTO Restaurants (rid, rname, address, min_order_cost)
  VALUES (DEFAULT, 'Gerhold-Schneider', '37190 Packers Trail', 3.5);

INSERT INTO Restaurants (rid, rname, address, min_order_cost)
  VALUES (DEFAULT, 'Jenkins Group', '54 Moulton Point', 1);

INSERT INTO Restaurants (rid, rname, address, min_order_cost)
  VALUES (DEFAULT, 'Schiller and Sons', '7 Ridgeview Crossing', 3);

INSERT INTO Restaurants (rid, rname, address, min_order_cost)
  VALUES (DEFAULT, 'Vandervort, Smitham and Mohr', '791 Maple Wood Pass', 0.5);

---------------------
-- DELIVERY RIDERS --
---------------------

INSERT INTO Riders (userId, type, userName, userPassowrd, firstName, lastName, email, phoneNumber, registrationDate, total_deliveries)
  VALUES (DEFAULT, 'mjoplin0', '99mRUK9SIy', 'Marylinda', 'Joplin', 'mjoplin0@zdnet.com', '91156281', NOW() - (random() * interval '5 years') + (random() * interval '23 hours') + (random() * interval '59 minutes') + (random() * interval '59 seconds'), 15);

INSERT INTO Riders (userId, type, userName, userPassowrd, firstName, lastName, email, phoneNumber, registrationDate, total_deliveries)
  VALUES (DEFAULT, 'nstiven1', 'bYarJszgIWrW', 'Nolana', 'Stiven', 'nstiven1@live.com', '89047851', NOW() - (random() * interval '5 years') + (random() * interval '23 hours') + (random() * interval '59 minutes') + (random() * interval '59 seconds'), 12);

INSERT INTO Riders (userId, type, userName, userPassowrd, firstName, lastName, email, phoneNumber, registrationDate, total_deliveries)
  VALUES (DEFAULT, 'mstrete2', 'Gm9FEPo', 'Merl', 'Strete', 'mstrete2@sbwire.com', '96559892', NOW() - (random() * interval '5 years') + (random() * interval '23 hours') + (random() * interval '59 minutes') + (random() * interval '59 seconds'), 29);

INSERT INTO Riders (userId, type, userName, userPassowrd, firstName, lastName, email, phoneNumber, registrationDate, total_deliveries)
  VALUES (DEFAULT, 'ymacgibbon3', 'CEpdTkWI', 'Yetty', 'MacGibbon', 'ymacgibbon3@nhs.uk', '95690961', NOW() - (random() * interval '5 years') + (random() * interval '23 hours') + (random() * interval '59 minutes') + (random() * interval '59 seconds'), 4);

INSERT INTO Riders (userId, type, userName, userPassowrd, firstName, lastName, email, phoneNumber, registrationDate, total_deliveries)
  VALUES (DEFAULT, 'jantonias4', '6hgaM9p082', 'Jillene', 'Antonias', 'jantonias4@flavors.me', '97666473', NOW() - (random() * interval '5 years') + (random() * interval '23 hours') + (random() * interval '59 minutes') + (random() * interval '59 seconds'), 17);

INSERT INTO Riders (userId, type, userName, userPassowrd, firstName, lastName, email, phoneNumber, registrationDate, total_deliveries)
  VALUES (DEFAULT, 'bblancowe5', 'H8bHy0pWD3c', 'Brena', 'Blancowe', 'bblancowe5@microsoft.com', '94277769', NOW() - (random() * interval '5 years') + (random() * interval '23 hours') + (random() * interval '59 minutes') + (random() * interval '59 seconds'), 15);

INSERT INTO Riders (userId, type, userName, userPassowrd, firstName, lastName, email, phoneNumber, registrationDate, total_deliveries)
  VALUES (DEFAULT, 'hgeely6', 'MqjEJ6k1xHA', 'Herbert', 'Geely', 'hgeely6@yahoo.com', '91023570', NOW() - (random() * interval '5 years') + (random() * interval '23 hours') + (random() * interval '59 minutes') + (random() * interval '59 seconds'), 14);

INSERT INTO Riders (userId, type, userName, userPassowrd, firstName, lastName, email, phoneNumber, registrationDate, total_deliveries)
  VALUES (DEFAULT, 'kfairholme7', 'ShDCocYU656', 'Kip', 'Fairholme', 'kfairholme7@theguardian.com', '95716269', NOW() - (random() * interval '5 years') + (random() * interval '23 hours') + (random() * interval '59 minutes') + (random() * interval '59 seconds'), 27);

INSERT INTO Riders (userId, type, userName, userPassowrd, firstName, lastName, email, phoneNumber, registrationDate, total_deliveries)
  VALUES (DEFAULT, 'lheathcote8', 'SanzKbe1', 'Lillis', 'Heathcote', 'lheathcote8@abc.net.au', '81534822', NOW() - (random() * interval '5 years') + (random() * interval '23 hours') + (random() * interval '59 minutes') + (random() * interval '59 seconds'), 17);

INSERT INTO Riders (userId, type, userName, userPassowrd, firstName, lastName, email, phoneNumber, registrationDate, total_deliveries)
  VALUES (DEFAULT, 'lcheccucci9', 'e32mCzi5je', 'Leo', 'Checcucci', 'lcheccucci9@guardian.co.uk', '65568625', NOW() - (random() * interval '5 years') + (random() * interval '23 hours') + (random() * interval '59 minutes') + (random() * interval '59 seconds'), 8);

INSERT INTO Riders (userId, type, userName, userPassowrd, firstName, lastName, email, phoneNumber, registrationDate, total_deliveries)
  VALUES (DEFAULT, 'awehnerra', 'dbCvYC', 'Amity', 'Wehnerr', 'awehnerra@nature.com', '90190740', NOW() - (random() * interval '5 years') + (random() * interval '23 hours') + (random() * interval '59 minutes') + (random() * interval '59 seconds'), 29);

INSERT INTO Riders (userId, type, userName, userPassowrd, firstName, lastName, email, phoneNumber, registrationDate, total_deliveries)
  VALUES (DEFAULT, 'mcomptonb', 'Tq8QfSOPk', 'Meghann', 'Compton', 'mcomptonb@wired.com', '91859184', NOW() - (random() * interval '5 years') + (random() * interval '23 hours') + (random() * interval '59 minutes') + (random() * interval '59 seconds'), 5);

INSERT INTO Riders (userId, type, userName, userPassowrd, firstName, lastName, email, phoneNumber, registrationDate, total_deliveries)
  VALUES (DEFAULT, 'lcoweuppec', 'mj4fYK', 'Lorianna', 'Coweuppe', 'lcoweuppec@nyu.edu', '93321355', NOW() - (random() * interval '5 years') + (random() * interval '23 hours') + (random() * interval '59 minutes') + (random() * interval '59 seconds'), 0);

INSERT INTO Riders (userId, type, userName, userPassowrd, firstName, lastName, email, phoneNumber, registrationDate, total_deliveries)
  VALUES (DEFAULT, 'wvaggesd', '5W0Ipa2UNz', 'Willard', 'Vagges', 'wvaggesd@home.pl', '96079876', NOW() - (random() * interval '5 years') + (random() * interval '23 hours') + (random() * interval '59 minutes') + (random() * interval '59 seconds'), 6);

INSERT INTO Riders (userId, type, userName, userPassowrd, firstName, lastName, email, phoneNumber, registrationDate, total_deliveries)
  VALUES (DEFAULT, 'mkhomine', 'm1qZuIz', 'Marj', 'Khomin', 'mkhomine@archive.org', '90933430', NOW() - (random() * interval '5 years') + (random() * interval '23 hours') + (random() * interval '59 minutes') + (random() * interval '59 seconds'), 28);

----------------------
-- RESTAURANT STAFF --
----------------------

INSERT INTO Staff (userId, username, PASSWORD, first_name, last_name, email, contact_no, registration_date, rid)
  VALUES (DEFAULT, 'houldred0', 'gTM5xoAbeSzW', 'Haleigh', 'Ouldred', 'houldred0@cam.ac.uk', '68947594', NOW() - (random() * interval '5 years') + (random() * interval '23 hours') + (random() * interval '59 minutes') + (random() * interval '59 seconds'), 2);

INSERT INTO Staff (userId, username, PASSWORD, first_name, last_name, email, contact_no, registration_date, rid)
  VALUES (DEFAULT, 'mcicchinelli1', '0i0dDlCZBLr', 'Mair', 'Cicchinelli', 'mcicchinelli1@who.int', '88093576', NOW() - (random() * interval '5 years') + (random() * interval '23 hours') + (random() * interval '59 minutes') + (random() * interval '59 seconds'), 1);

INSERT INTO Staff (userId, username, PASSWORD, first_name, last_name, email, contact_no, registration_date, rid)
  VALUES (DEFAULT, 'ndensham2', 'xE2MCl', 'Nari', 'Densham', 'ndensham2@paginegialle.it', '60298707', NOW() - (random() * interval '5 years') + (random() * interval '23 hours') + (random() * interval '59 minutes') + (random() * interval '59 seconds'), 3);

INSERT INTO Staff (userId, username, PASSWORD, first_name, last_name, email, contact_no, registration_date, rid)
  VALUES (DEFAULT, 'brearie3', 'l1Ow6xW90qt2', 'Britney', 'Rearie', 'brearie3@cdc.gov', '94760768', NOW() - (random() * interval '5 years') + (random() * interval '23 hours') + (random() * interval '59 minutes') + (random() * interval '59 seconds'), 1);

INSERT INTO Staff (userId, username, PASSWORD, first_name, last_name, email, contact_no, registration_date, rid)
  VALUES (DEFAULT, 'psleicht4', 'sWTTF5WpVF', 'Pierce', 'Sleicht', 'psleicht4@about.me', '92323199', NOW() - (random() * interval '5 years') + (random() * interval '23 hours') + (random() * interval '59 minutes') + (random() * interval '59 seconds'), 2);

INSERT INTO Staff (userId, username, PASSWORD, first_name, last_name, email, contact_no, registration_date, rid)
  VALUES (DEFAULT, 'abickerton5', 'vM7dGd2cy', 'Avery', 'Bickerton', 'abickerton5@nationalgeographic.com', '99872952', NOW() - (random() * interval '5 years') + (random() * interval '23 hours') + (random() * interval '59 minutes') + (random() * interval '59 seconds'), 1);

INSERT INTO Staff (userId, username, PASSWORD, first_name, last_name, email, contact_no, registration_date, rid)
  VALUES (DEFAULT, 'awoolvin6', 'EEuTKO', 'Anders', 'Woolvin', 'awoolvin6@scientificamerican.com', '81701678', NOW() - (random() * interval '5 years') + (random() * interval '23 hours') + (random() * interval '59 minutes') + (random() * interval '59 seconds'), 2);

INSERT INTO Staff (userId, username, PASSWORD, first_name, last_name, email, contact_no, registration_date, rid)
  VALUES (DEFAULT, 'abeebis7', '39QK9nU', 'Ashley', 'Beebis', 'abeebis7@example.com', '87001729', NOW() - (random() * interval '5 years') + (random() * interval '23 hours') + (random() * interval '59 minutes') + (random() * interval '59 seconds'), 4);

INSERT INTO Staff (userId, username, PASSWORD, first_name, last_name, email, contact_no, registration_date, rid)
  VALUES (DEFAULT, 'sdunbar8', 'sLpSEmO', 'Sophey', 'Dunbar', 'sdunbar8@ed.gov', '95242436', NOW() - (random() * interval '5 years') + (random() * interval '23 hours') + (random() * interval '59 minutes') + (random() * interval '59 seconds'), 1);

INSERT INTO Staff (userId, username, PASSWORD, first_name, last_name, email, contact_no, registration_date, rid)
  VALUES (DEFAULT, 'mbergstrand9', 'x8RJrOx', 'Martynne', 'Bergstrand', 'mbergstrand9@goo.gl', '93867998', NOW() - (random() * interval '5 years') + (random() * interval '23 hours') + (random() * interval '59 minutes') + (random() * interval '59 seconds'), 4);

INSERT INTO Staff (userId, username, PASSWORD, first_name, last_name, email, contact_no, registration_date, rid)
  VALUES (DEFAULT, 'gnewarka', 'oBPDL2qC', 'Gunner', 'Newark', 'gnewarka@engadget.com', '88559639', NOW() - (random() * interval '5 years') + (random() * interval '23 hours') + (random() * interval '59 minutes') + (random() * interval '59 seconds'), 3);

INSERT INTO Staff (userId, username, PASSWORD, first_name, last_name, email, contact_no, registration_date, rid)
  VALUES (DEFAULT, 'aricholdb', 'tb7Pszk', 'Axe', 'Richold', 'aricholdb@yelp.com', '94113032', NOW() - (random() * interval '5 years') + (random() * interval '23 hours') + (random() * interval '59 minutes') + (random() * interval '59 seconds'), 4);

INSERT INTO Staff (userId, username, PASSWORD, first_name, last_name, email, contact_no, registration_date, rid)
  VALUES (DEFAULT, 'dwhitecrossc', 'hHZJIN7Mgyy', 'Devy', 'Whitecross', 'dwhitecrossc@buzzfeed.com', '99538203', NOW() - (random() * interval '5 years') + (random() * interval '23 hours') + (random() * interval '59 minutes') + (random() * interval '59 seconds'), 3);

INSERT INTO Staff (userId, username, PASSWORD, first_name, last_name, email, contact_no, registration_date, rid)
  VALUES (DEFAULT, 'dshelsherd', 'e9HmoC8OsG5', 'Dickie', 'Shelsher', 'dshelsherd@noaa.gov', '83353318', NOW() - (random() * interval '5 years') + (random() * interval '23 hours') + (random() * interval '59 minutes') + (random() * interval '59 seconds'), 4);

INSERT INTO Staff (userId, username, PASSWORD, first_name, last_name, email, contact_no, registration_date, rid)
  VALUES (DEFAULT, 'gdibartolomeoe', '6Jj8rX67uBa', 'Gordan', 'Di Bartolomeo', 'gdibartolomeoe@sciencedaily.com', '87402027', NOW() - (random() * interval '5 years') + (random() * interval '23 hours') + (random() * interval '59 minutes') + (random() * interval '59 seconds'), 2);

INSERT INTO Staff (userId, username, PASSWORD, first_name, last_name, email, contact_no, registration_date, rid)
  VALUES (DEFAULT, 'gbourgaizef', 'sDda48FaV', 'Gisela', 'Bourgaize', 'gbourgaizef@artisteer.com', '97190367', NOW() - (random() * interval '5 years') + (random() * interval '23 hours') + (random() * interval '59 minutes') + (random() * interval '59 seconds'), 3);

INSERT INTO Staff (userId, username, PASSWORD, first_name, last_name, email, contact_no, registration_date, rid)
  VALUES (DEFAULT, 'mpeeryg', 'OAgzfTttyp', 'Mellie', 'Peery', 'mpeeryg@ameblo.jp', '99688846', NOW() - (random() * interval '5 years') + (random() * interval '23 hours') + (random() * interval '59 minutes') + (random() * interval '59 seconds'), 4);

INSERT INTO Staff (userId, username, PASSWORD, first_name, last_name, email, contact_no, registration_date, rid)
  VALUES (DEFAULT, 'swillsmoreh', 'Ol1NaO7kSUy', 'Sherwin', 'Willsmore', 'swillsmoreh@miitbeian.gov.cn', '63404845', NOW() - (random() * interval '5 years') + (random() * interval '23 hours') + (random() * interval '59 minutes') + (random() * interval '59 seconds'), 4);

INSERT INTO Staff (userId, username, PASSWORD, first_name, last_name, email, contact_no, registration_date, rid)
  VALUES (DEFAULT, 'chandsi', 'rKfDAb', 'Christiano', 'Hands', 'chandsi@bbb.org', '88662559', NOW() - (random() * interval '5 years') + (random() * interval '23 hours') + (random() * interval '59 minutes') + (random() * interval '59 seconds'), 1);

INSERT INTO Staff (userId, username, PASSWORD, first_name, last_name, email, contact_no, registration_date, rid)
  VALUES (DEFAULT, 'mgreedj', 'MtonZexv', 'Marsha', 'Greed', 'mgreedj@about.com', '97527856', NOW() - (random() * interval '5 years') + (random() * interval '23 hours') + (random() * interval '59 minutes') + (random() * interval '59 seconds'), 2);

INSERT INTO Staff (userId, username, PASSWORD, first_name, last_name, email, contact_no, registration_date, rid)
  VALUES (DEFAULT, 'glittleyk', '3V30Sk1OM4', 'Gina', 'Littley', 'glittleyk@google.com', '99142009', NOW() - (random() * interval '5 years') + (random() * interval '23 hours') + (random() * interval '59 minutes') + (random() * interval '59 seconds'), 1);

INSERT INTO Staff (userId, username, PASSWORD, first_name, last_name, email, contact_no, registration_date, rid)
  VALUES (DEFAULT, 'ahammettl', 'KZUx9t', 'Amanda', 'Hammett', 'ahammettl@redcross.org', '92931818', NOW() - (random() * interval '5 years') + (random() * interval '23 hours') + (random() * interval '59 minutes') + (random() * interval '59 seconds'), 2);

INSERT INTO Staff (userId, username, PASSWORD, first_name, last_name, email, contact_no, registration_date, rid)
  VALUES (DEFAULT, 'bccominim', '4XpBAIMM', 'Burl', 'Ccomini', 'bccominim@google.ca', '90831603', NOW() - (random() * interval '5 years') + (random() * interval '23 hours') + (random() * interval '59 minutes') + (random() * interval '59 seconds'), 4);

INSERT INTO Staff (userId, username, PASSWORD, first_name, last_name, email, contact_no, registration_date, rid)
  VALUES (DEFAULT, 'cflewinn', 'P6Hy6yy', 'Cosetta', 'Flewin', 'cflewinn@exblog.jp', '68999898', NOW() - (random() * interval '5 years') + (random() * interval '23 hours') + (random() * interval '59 minutes') + (random() * interval '59 seconds'), 2);

INSERT INTO Staff (userId, username, PASSWORD, first_name, last_name, email, contact_no, registration_date, rid)
  VALUES (DEFAULT, 'fdreyeo', 'lxmm7X', 'Faustina', 'Dreye', 'fdreyeo@scribd.com', '92802951', NOW() - (random() * interval '5 years') + (random() * interval '23 hours') + (random() * interval '59 minutes') + (random() * interval '59 seconds'), 4);

---------------------
-- FOOD CATEGORIES --
---------------------

INSERT INTO FoodCategories (fcid, fcname)
  VALUES (DEFAULT, 'Local');

INSERT INTO FoodCategories (fcid, fcname)
  VALUES (DEFAULT, 'Western');

INSERT INTO FoodCategories (fcid, fcname)
  VALUES (DEFAULT, 'Vegetarian');

INSERT INTO FoodCategories (fcid, fcname)
  VALUES (DEFAULT, 'Chinese');

INSERT INTO FoodCategories (fcid, fcname)
  VALUES (DEFAULT, 'Malay');

INSERT INTO FoodCategories (fcid, fcname)
  VALUES (DEFAULT, 'Indian');

INSERT INTO FoodCategories (fcid, fcname)
  VALUES (DEFAULT, 'Japanese');

INSERT INTO FoodCategories (fcid, fcname)
  VALUES (DEFAULT, 'Desserts');

INSERT INTO FoodCategories (fcid, fcname)
  VALUES (DEFAULT, 'Drinks');

INSERT INTO FoodCategories (fcid, fcname)
  VALUES (DEFAULT, 'Breakfast');

INSERT INTO FoodCategories (fcid, fcname)
  VALUES (DEFAULT, 'Fast food');

-----------
-- FOODS --
-----------

INSERT INTO Foods (fid, fname, category)
  VALUES (DEFAULT, 'Loratadine and Pseudoephedrine', 2);

INSERT INTO Foods (fid, fname, category)
  VALUES (DEFAULT, 'Midodrine Hydrochloride', 2);

INSERT INTO Foods (fid, fname, category)
  VALUES (DEFAULT, 'ISAKNOX X202 WHITENING SECRET ESSENCE', 2);

INSERT INTO Foods (fid, fname, category)
  VALUES (DEFAULT, 'Nyloxin', 6);

INSERT INTO Foods (fid, fname, category)
  VALUES (DEFAULT, 'NEOMYCIN SULFATE', 4);

INSERT INTO Foods (fid, fname, category)
  VALUES (DEFAULT, 'LBEL Couleur Luxe Rouge Amplifier XP amplifying SPF 15', 7);

INSERT INTO Foods (fid, fname, category)
  VALUES (DEFAULT, 'Good Sense Heartburn Relief', 10);

INSERT INTO Foods (fid, fname, category)
  VALUES (DEFAULT, 'Gabapentin', 8);

INSERT INTO Foods (fid, fname, category)
  VALUES (DEFAULT, 'Gattex', 10);

INSERT INTO Foods (fid, fname, category)
  VALUES (DEFAULT, 'TopCare', 4);

INSERT INTO Foods (fid, fname, category)
  VALUES (DEFAULT, 'Pinchot Juniper', 3);

INSERT INTO Foods (fid, fname, category)
  VALUES (DEFAULT, 'ALPRAZOLAM', 7);

INSERT INTO Foods (fid, fname, category)
  VALUES (DEFAULT, 'OxyContin', 9);

INSERT INTO Foods (fid, fname, category)
  VALUES (DEFAULT, 'FLOVENT', 11);

INSERT INTO Foods (fid, fname, category)
  VALUES (DEFAULT, 'Fluconazole', 1);

INSERT INTO Foods (fid, fname, category)
  VALUES (DEFAULT, 'Acetic Acid', 1);

INSERT INTO Foods (fid, fname, category)
  VALUES (DEFAULT, 'SkinMedica Daily Physical Defense SPF 30 Sunscreen', 2);

INSERT INTO Foods (fid, fname, category)
  VALUES (DEFAULT, 'Degree', 2);

INSERT INTO Foods (fid, fname, category)
  VALUES (DEFAULT, 'pain relief', 9);

INSERT INTO Foods (fid, fname, category)
  VALUES (DEFAULT, 'Betamethasone Valerate', 7);

INSERT INTO Foods (fid, fname, category)
  VALUES (DEFAULT, 'Medicated Pain Relief', 11);

INSERT INTO Foods (fid, fname, category)
  VALUES (DEFAULT, 'FSK-5', 3);

INSERT INTO Foods (fid, fname, category)
  VALUES (DEFAULT, 'Hand Wash', 10);

INSERT INTO Foods (fid, fname, category)
  VALUES (DEFAULT, 'Tranexamic Acid', 6);

INSERT INTO Foods (fid, fname, category)
  VALUES (DEFAULT, 'Josie Maran Argan Daily Moisturizer SPF47', 1);

INSERT INTO Foods (fid, fname, category)
  VALUES (DEFAULT, 'Good Neighbor Pharmacy Pain Relief', 5);

INSERT INTO Foods (fid, fname, category)
  VALUES (DEFAULT, 'FLUVIRIN', 7);

INSERT INTO Foods (fid, fname, category)
  VALUES (DEFAULT, 'PHENTERMINE HYDROCHLORIDE', 5);

INSERT INTO Foods (fid, fname, category)
  VALUES (DEFAULT, 'Naproxen', 4);

INSERT INTO Foods (fid, fname, category)
  VALUES (DEFAULT, 'Anti-Bacterial Moisturizing Hand', 9);

INSERT INTO Foods (fid, fname, category)
  VALUES (DEFAULT, 'Leader Sore Throat', 1);

INSERT INTO Foods (fid, fname, category)
  VALUES (DEFAULT, 'Naloxone Hydrochloride', 7);

INSERT INTO Foods (fid, fname, category)
  VALUES (DEFAULT, 'Drowz Away', 5);

INSERT INTO Foods (fid, fname, category)
  VALUES (DEFAULT, 'Hydroxyzine Pamoate', 5);

INSERT INTO Foods (fid, fname, category)
  VALUES (DEFAULT, 'Simvastatin', 11);

INSERT INTO Foods (fid, fname, category)
  VALUES (DEFAULT, 'Isosorbide Mononitrate', 3);

INSERT INTO Foods (fid, fname, category)
  VALUES (DEFAULT, 'Anticavity', 5);

INSERT INTO Foods (fid, fname, category)
  VALUES (DEFAULT, 'Colirio Ocusan', 2);

INSERT INTO Foods (fid, fname, category)
  VALUES (DEFAULT, 'Fentanyl Citrate', 11);

INSERT INTO Foods (fid, fname, category)
  VALUES (DEFAULT, 'LBEL Couleur luxe rouge irresistible maximum hydration SPF 17', 5);

----------
-- MENU --
----------

INSERT INTO Menu (fid, rid, daily_limit, unit_price)
  VALUES (31, 1, 188, 14.2);

INSERT INTO Menu (fid, rid, daily_limit, unit_price)
  VALUES (40, 3, 254, 10.3);

INSERT INTO Menu (fid, rid, daily_limit, unit_price)
  VALUES (7, 1, 138, 7.8);

INSERT INTO Menu (fid, rid, daily_limit, unit_price)
  VALUES (18, 4, 181, 14.3);

INSERT INTO Menu (fid, rid, daily_limit, unit_price)
  VALUES (28, 2, 158, 5.4);

INSERT INTO Menu (fid, rid, daily_limit, unit_price)
  VALUES (5, 3, 98, 11.1);

INSERT INTO Menu (fid, rid, daily_limit, unit_price)
  VALUES (17, 4, 223, 5.6);

INSERT INTO Menu (fid, rid, daily_limit, unit_price)
  VALUES (17, 3, 97, 1.9);

INSERT INTO Menu (fid, rid, daily_limit, unit_price)
  VALUES (15, 2, 71, 1.0);

INSERT INTO Menu (fid, rid, daily_limit, unit_price)
  VALUES (35, 3, 153, 4.9);

INSERT INTO Menu (fid, rid, daily_limit, unit_price)
  VALUES (5, 1, 175, 3.3);

INSERT INTO Menu (fid, rid, daily_limit, unit_price)
  VALUES (19, 1, 147, 3.6);

INSERT INTO Menu (fid, rid, daily_limit, unit_price)
  VALUES (23, 3, 11, 7.2);

INSERT INTO Menu (fid, rid, daily_limit, unit_price)
  VALUES (6, 1, 177, 1.4);

INSERT INTO Menu (fid, rid, daily_limit, unit_price)
  VALUES (2, 4, 102, 5.5);

----------------------------------
-- DELIVERY COST (REGION-BASED) --
----------------------------------

INSERT INTO DeliveryCost
  VALUES ('central', 2.00);

INSERT INTO DeliveryCost
  VALUES ('north', 2.40);

INSERT INTO DeliveryCost
  VALUES ('northeast', 2.20);

INSERT INTO DeliveryCost
  VALUES ('east', 2.50);

INSERT INTO DeliveryCost
  VALUES ('west', 2.20);

--------------------
-- DELIVERY AREAS --
--------------------
-- District 1

INSERT INTO DeliveryAreas
  VALUES ('central', '01');

INSERT INTO DeliveryAreas
  VALUES ('central', '02');

INSERT INTO DeliveryAreas
  VALUES ('central', '03');

INSERT INTO DeliveryAreas
  VALUES ('central', '04');

INSERT INTO DeliveryAreas
  VALUES ('central', '05');

INSERT INTO DeliveryAreas
  VALUES ('central', '06');

-- District 2
INSERT INTO DeliveryAreas
  VALUES ('central', '07');

INSERT INTO DeliveryAreas
  VALUES ('central', '08');

-- District 3
INSERT INTO DeliveryAreas
  VALUES ('central', '14');

INSERT INTO DeliveryAreas
  VALUES ('central', '15');

INSERT INTO DeliveryAreas
  VALUES ('central', '16');

-- District 4
INSERT INTO DeliveryAreas
  VALUES ('central', '09');

INSERT INTO DeliveryAreas
  VALUES ('central', '10');

-- District 5
INSERT INTO DeliveryAreas
  VALUES ('west', '11');

INSERT INTO DeliveryAreas
  VALUES ('west', '12');

INSERT INTO DeliveryAreas
  VALUES ('west', '13');

-- District 6
INSERT INTO DeliveryAreas
  VALUES ('central', '17');

-- District 7
INSERT INTO DeliveryAreas
  VALUES ('central', '18');

INSERT INTO DeliveryAreas
  VALUES ('central', '19');

-- District 8
INSERT INTO DeliveryAreas
  VALUES ('central', '20');

INSERT INTO DeliveryAreas
  VALUES ('central', '21');

-- District 9
INSERT INTO DeliveryAreas
  VALUES ('central', '22');

INSERT INTO DeliveryAreas
  VALUES ('central', '23');

-- District 10
INSERT INTO DeliveryAreas
  VALUES ('central', '24');

INSERT INTO DeliveryAreas
  VALUES ('central', '25');

INSERT INTO DeliveryAreas
  VALUES ('central', '26');

INSERT INTO DeliveryAreas
  VALUES ('central', '27');

-- District 11
INSERT INTO DeliveryAreas
  VALUES ('central', '28');

INSERT INTO DeliveryAreas
  VALUES ('central', '29');

INSERT INTO DeliveryAreas
  VALUES ('central', '30');

-- District 12
INSERT INTO DeliveryAreas
  VALUES ('central', '31');

INSERT INTO DeliveryAreas
  VALUES ('central', '32');

INSERT INTO DeliveryAreas
  VALUES ('central', '33');

-- District 13
INSERT INTO DeliveryAreas
  VALUES ('central', '34');

INSERT INTO DeliveryAreas
  VALUES ('central', '35');

INSERT INTO DeliveryAreas
  VALUES ('central', '36');

INSERT INTO DeliveryAreas
  VALUES ('central', '37');

-- District 14
INSERT INTO DeliveryAreas
  VALUES ('central', '38');

INSERT INTO DeliveryAreas
  VALUES ('central', '39');

INSERT INTO DeliveryAreas
  VALUES ('central', '40');

INSERT INTO DeliveryAreas
  VALUES ('central', '41');

-- District 15
INSERT INTO DeliveryAreas
  VALUES ('east', '42');

INSERT INTO DeliveryAreas
  VALUES ('east', '43');

INSERT INTO DeliveryAreas
  VALUES ('east', '44');

INSERT INTO DeliveryAreas
  VALUES ('east', '45');

-- District 16
INSERT INTO DeliveryAreas
  VALUES ('east', '46');

INSERT INTO DeliveryAreas
  VALUES ('east', '47');

INSERT INTO DeliveryAreas
  VALUES ('east', '48');

-- District 17
INSERT INTO DeliveryAreas
  VALUES ('east', '49');

INSERT INTO DeliveryAreas
  VALUES ('east', '50');

INSERT INTO DeliveryAreas
  VALUES ('east', '81');

-- District 18
INSERT INTO DeliveryAreas
  VALUES ('east', '51');

INSERT INTO DeliveryAreas
  VALUES ('east', '52');

-- District 19
INSERT INTO DeliveryAreas
  VALUES ('northeast', '53');

INSERT INTO DeliveryAreas
  VALUES ('northeast', '54');

INSERT INTO DeliveryAreas
  VALUES ('northeast', '55');

INSERT INTO DeliveryAreas
  VALUES ('northeast', '82');

-- District 20
INSERT INTO DeliveryAreas
  VALUES ('northeast', '56');

INSERT INTO DeliveryAreas
  VALUES ('northeast', '57');

-- District 21
INSERT INTO DeliveryAreas
  VALUES ('central', '58');

INSERT INTO DeliveryAreas
  VALUES ('central', '59');

-- District 22
INSERT INTO DeliveryAreas
  VALUES ('west', '60');

INSERT INTO DeliveryAreas
  VALUES ('west', '61');

INSERT INTO DeliveryAreas
  VALUES ('west', '62');

INSERT INTO DeliveryAreas
  VALUES ('west', '63');

INSERT INTO DeliveryAreas
  VALUES ('west', '64');

-- District 23
INSERT INTO DeliveryAreas
  VALUES ('west', '65');

INSERT INTO DeliveryAreas
  VALUES ('west', '66');

INSERT INTO DeliveryAreas
  VALUES ('west', '67');

INSERT INTO DeliveryAreas
  VALUES ('west', '68');

-- District 24
INSERT INTO DeliveryAreas
  VALUES ('north', '69');

INSERT INTO DeliveryAreas
  VALUES ('north', '70');

INSERT INTO DeliveryAreas
  VALUES ('north', '71');

-- District 25
INSERT INTO DeliveryAreas
  VALUES ('north', '72');

INSERT INTO DeliveryAreas
  VALUES ('north', '73');

-- District 26
INSERT INTO DeliveryAreas
  VALUES ('central', '77');

INSERT INTO DeliveryAreas
  VALUES ('central', '78');

-- District 27
INSERT INTO DeliveryAreas
  VALUES ('north', '75');

INSERT INTO DeliveryAreas
  VALUES ('north', '76');

-- District 28
INSERT INTO DeliveryAreas
  VALUES ('northeast', '79');

INSERT INTO DeliveryAreas
  VALUES ('northeast', '80');

----------------------------
-- WEEKLY WORK SCHEDULES --
----------------------------
/*
INSERT INTO wws
  VALUES (28, now()::date - interval '4d', '10:00 am', '12:00 pm', '2:00 pm', '5:00 pm');

INSERT INTO wws
  VALUES (28, now()::date - interval '3d', '12:00 pm', '3:00 pm');

INSERT INTO wws
  VALUES (28, now()::date, '10:00 am', '11:00 am', '12:00 pm', '1:00 pm', '2:00 pm', '3:00 pm', '4:00 pm', '5:00 pm', '6:00 pm', '7:00 pm', '8:00 pm', '9:00 pm');

INSERT INTO wws
  VALUES (28, now()::date + interval '1d', '10:00 am', '1:00 pm', '3:00 pm', '5:00 pm');

INSERT INTO wws
  VALUES (35, now()::date - interval '9d', '11:00 am', '12:00 pm', '3:00 pm', '6:00 pm');

INSERT INTO wws
  VALUES (35, now()::date - interval '7d', '11:00 am', '12:00 pm', '3:00 pm', '6:00 pm');
  
  */

